ITEM_NAME,START_DATETIME,OIL_CUM,WATER_CUM,GAS_CUM,Tank
A-1-P,11/1/2000,10915.0,526.0,10915.0,zone_a
A-1-P,12/1/2000,24902.0,1124.0,24902.0,zone_a
A-1-P,1/1/2001,36836.0,1726.0,36836.0,zone_a
A-1-P,2/1/2001,46485.0,2234.0,46485.0,zone_a
A-1-P,3/1/2001,57819.0,8099.0,57819.0,zone_a
A-1-P,4/1/2001,68481.0,14096.0,68481.0,zone_a
A-1-P,5/1/2001,76400.0,19784.0,76400.0,zone_a
A-1-P,6/1/2001,83152.0,25444.0,83152.0,zone_a
A-1-P,7/1/2001,91655.0,33614.0,91655.0,zone_a
A-1-P,8/1/2001,98961.0,44757.0,98961.0,zone_a
A-1-P,9/1/2001,107066.0,44982.0,107066.0,zone_a
A-1-P,10/1/2001,115777.0,45270.0,115777.0,zone_a
A-1-P,11/1/2001,122708.0,48532.0,122708.0,zone_a
A-1-P,12/1/2001,127279.0,51856.0,127279.0,zone_a
A-1-P,1/1/2002,131559.0,55045.0,131559.0,zone_a
A-1-P,2/1/2002,136852.0,57945.0,136852.0,zone_a
A-1-P,3/1/2002,143127.0,61265.0,143127.0,zone_a
A-1-P,4/1/2002,148920.0,64357.0,148920.0,zone_a
A-1-P,5/1/2002,155962.0,67550.0,155962.0,zone_a
A-1-P,6/1/2002,162399.0,70635.0,162399.0,zone_a
A-1-P,7/1/2002,172727.0,74023.0,172727.0,zone_a
A-1-P,8/1/2002,178968.0,77167.0,178968.0,zone_a
A-1-P,9/1/2002,185240.0,80500.0,185240.0,zone_a
A-1-P,10/1/2002,189765.0,83619.0,189765.0,zone_a
A-1-P,11/1/2002,195578.0,86749.0,195578.0,zone_a
A-1-P,12/1/2002,199819.0,89922.0,199819.0,zone_a
A-1-P,1/1/2003,205502.0,93175.0,205502.0,zone_a
A-1-P,2/1/2003,214244.0,96262.0,214244.0,zone_a
A-1-P,3/1/2003,220533.0,99723.0,220533.0,zone_a
A-1-P,4/1/2003,226360.0,102833.0,226360.0,zone_a
A-1-P,5/1/2003,231756.0,105428.41,231756.0,zone_a
A-1-P,6/1/2003,237127.0,108257.41,237127.0,zone_a
A-1-P,7/1/2003,242216.0,111601.52,242216.0,zone_a
A-1-P,8/1/2003,247673.0,114857.49,247673.0,zone_a
A-1-P,9/1/2003,252253.0,117917.15,252253.0,zone_a
A-1-P,10/1/2003,258261.0,121238.15,258261.0,zone_a
A-1-P,11/1/2003,264746.0,122951.15,264746.0,zone_a
A-1-P,12/1/2003,272155.0,124861.15,272155.0,zone_a
A-1-P,1/1/2004,280647.0,126892.15,280647.0,zone_a
A-1-P,2/1/2004,288783.0,129042.15,288783.0,zone_a
A-1-P,3/1/2004,295215.0,130711.15,295215.0,zone_a
A-1-P,4/1/2004,303779.0,131694.15,303779.0,zone_a
A-1-P,5/1/2004,311819.0,132843.15,311819.0,zone_a
A-1-P,6/1/2004,319508.0,133931.15,319508.0,zone_a
A-1-P,7/1/2004,327773.0,135079.15,327773.0,zone_a
A-1-P,8/1/2004,336632.0,135923.15,336632.0,zone_a
A-1-P,9/1/2004,345058.0,136787.15,345058.0,zone_a
A-1-P,10/1/2004,353971.0,138049.15,353971.0,zone_a
A-1-P,11/1/2004,363116.0,139284.15,363116.0,zone_a
A-1-P,12/1/2004,374283.0,140443.15,374283.0,zone_a
A-1-P,1/1/2005,385345.0,141755.15,385345.0,zone_a
A-1-P,2/1/2005,395309.0,143038.03,395309.0,zone_a
A-1-P,3/1/2005,406397.0,144339.03,406397.0,zone_a
A-1-P,4/1/2005,415658.0,145772.03,415658.0,zone_a
A-1-P,5/1/2005,424712.0,147185.03,424712.0,zone_a
A-1-P,6/1/2005,433898.0,148274.03,433898.0,zone_a
A-1-P,7/1/2005,443350.0,149454.03,443350.0,zone_a
A-1-P,8/1/2005,450617.0,150325.03,450617.0,zone_a
A-1-P,9/1/2005,462484.0,150692.03,462484.0,zone_a
A-1-P,10/1/2005,470831.0,150950.19,470831.0,zone_a
A-1-P,11/1/2005,478322.0,151584.19,478322.0,zone_a
A-1-P,12/1/2005,487075.0,151855.19,487075.0,zone_a
A-1-P,1/1/2006,495926.0,152129.19,495926.0,zone_a
A-1-P,2/1/2006,504664.0,152399.19,504664.0,zone_a
A-1-P,3/1/2006,514006.0,154590.19,514006.0,zone_a
A-1-P,4/1/2006,523517.0,157058.19,523517.0,zone_a
A-1-P,5/1/2006,530779.0,158191.19,530779.0,zone_a
A-1-P,6/1/2006,538103.0,159534.19,538103.0,zone_a
A-1-P,7/1/2006,547139.0,163806.19,547139.0,zone_a
A-1-P,8/1/2006,555107.0,166090.64,555107.0,zone_a
A-1-P,9/1/2006,561323.0,169851.34,561323.0,zone_a
A-1-P,10/1/2006,567014.0,173938.34,567014.0,zone_a
A-1-P,11/1/2006,571606.0,177479.36,571606.0,zone_a
A-1-P,12/1/2006,577976.0,179524.36,577976.0,zone_a
A-1-P,1/1/2007,585370.0,181695.36,585370.0,zone_a
A-1-P,2/1/2007,591662.0,183318.36,591662.0,zone_a
A-1-P,3/1/2007,600664.0,185162.36,600664.0,zone_a
A-1-P,4/1/2007,609315.0,187476.36,609315.0,zone_a
A-1-P,5/1/2007,616536.0,189633.36,616536.0,zone_a
A-1-P,6/1/2007,620469.0,194231.36,620469.0,zone_a
A-1-P,7/1/2007,623911.0,196936.36,623911.0,zone_a
A-1-P,8/1/2007,630005.0,198665.36,630005.0,zone_a
A-1-P,9/1/2007,633667.0,200033.36,633667.0,zone_a
A-1-P,10/1/2007,638396.0,202021.8,638396.0,zone_a
A-1-P,11/1/2007,646583.0,204290.8,646583.0,zone_a
A-1-P,12/1/2007,654112.0,206539.8,654112.0,zone_a
A-1-P,1/1/2008,662110.0,208589.5,662110.0,zone_a
A-1-P,2/1/2008,668265.0,210315.55,668265.0,zone_a
A-1-P,3/1/2008,672564.0,211995.64,672564.0,zone_a
A-1-P,4/1/2008,676934.0,215965.64,676934.0,zone_a
A-1-P,5/1/2008,681841.0,219592.64,681841.0,zone_a
A-1-P,6/1/2008,688378.0,224154.64,688378.0,zone_a
A-1-P,7/1/2008,694899.0,228538.47,694899.0,zone_a
A-1-P,8/1/2008,699736.0,234355.47,699736.0,zone_a
A-1-P,9/1/2008,707681.0,240015.47,707681.0,zone_a
A-1-P,10/1/2008,712946.0,245929.47,712946.0,zone_a
A-1-P,11/1/2008,719672.0,251613.47,719672.0,zone_a
A-1-P,12/1/2008,726024.0,263835.47,726024.0,zone_a
A-1-P,1/1/2009,728443.0,275004.07,728443.0,zone_a
A-1-P,2/1/2009,733519.0,290395.37,733519.0,zone_a
A-1-P,3/1/2009,736694.0,295138.06,736694.0,zone_a
A-1-P,4/1/2009,741244.0,298543.06,741244.0,zone_a
A-1-P,5/1/2009,750394.0,306090.05,750394.0,zone_a
A-1-P,6/1/2009,755355.0,309551.05,755355.0,zone_a
A-1-P,7/1/2009,759010.0,312505.21,759010.0,zone_a
A-1-P,8/1/2009,763294.0,316303.82,763294.0,zone_a
A-1-P,9/1/2009,769222.0,321115.21,769222.0,zone_a
A-1-P,10/1/2009,773746.0,324285.02,773746.0,zone_a
A-1-P,11/1/2009,778338.0,328644.55,778338.0,zone_a
A-1-P,12/1/2009,783764.0,332525.55,783764.0,zone_a
A-1-P,1/1/2010,787338.0,335987.55,787338.0,zone_a
A-1-P,2/1/2010,791276.0,339170.89,791276.0,zone_a
A-1-P,3/1/2010,796139.0,342592.89,796139.0,zone_a
A-1-P,4/1/2010,799774.0,345402.89,799774.0,zone_a
A-1-P,5/1/2010,804004.0,347984.89,804004.0,zone_a
A-1-P,6/1/2010,807089.0,349867.82,807089.0,zone_a
A-1-P,7/1/2010,810303.0,351508.82,810303.0,zone_a
A-1-P,8/1/2010,812951.0,353683.82,812951.0,zone_a
A-1-P,9/1/2010,816542.0,356251.82,816542.0,zone_a
A-1-P,10/1/2010,820238.0,359464.82,820238.0,zone_a
A-1-P,11/1/2010,823178.0,361805.82,823178.0,zone_a
A-1-P,12/1/2010,825026.0,362900.42,825026.0,zone_a
A-2-P,7/1/1981,4064.0,93.0,4064.0,zone_b
A-2-P,8/1/1981,16038.0,1250.0,16038.0,zone_b
A-2-P,9/1/1981,23189.0,3020.0,23189.0,zone_b
A-2-P,10/1/1981,28208.0,4559.0,28208.0,zone_b
A-2-P,11/1/1981,32103.0,6315.0,32103.0,zone_b
A-2-P,7/1/1982,33055.0,7267.0,33055.0,zone_b
A-2-P,2/1/1984,34255.0,7569.0,34255.0,zone_b
A-2-P,3/1/1984,41028.0,12084.0,41028.0,zone_b
A-2-P,4/1/1984,55825.0,24108.0,55825.0,zone_b
A-2-P,1/1/2014,55825.0,24108.0,55825.0,zone_b
A-2-P,2/1/2014,55825.0,24108.0,55825.0,zone_b
A-2-P,3/1/2014,55825.0,24108.0,55825.0,zone_b
A-2-P,4/1/2014,55825.0,24108.0,55825.0,zone_b
A-2-P,5/1/2014,55825.0,24108.0,55825.0,zone_b
A-2-P,6/1/2014,55825.0,24108.0,55825.0,zone_b
A-2-P,7/1/2014,55825.0,24108.0,55825.0,zone_b
A-2-P,8/1/2014,55825.0,24108.0,55825.0,zone_b
A-2-P,9/1/2014,55825.0,24108.0,55825.0,zone_b
A-2-P,10/1/2014,55825.0,24108.0,55825.0,zone_b
A-2-P,11/1/2014,55825.0,24108.0,55825.0,zone_b
A-2-P,12/1/2014,55825.0,24108.0,55825.0,zone_b
A-2-P,1/1/2015,55825.0,24108.0,55825.0,zone_b
A-2-P,2/1/2015,55825.0,24108.0,55825.0,zone_b
A-2-P,3/1/2015,55825.0,24108.0,55825.0,zone_b
A-2-P,4/1/2015,55825.0,24108.0,55825.0,zone_b
A-2-P,5/1/2015,55825.0,24108.0,55825.0,zone_b
A-2-P,6/1/2015,55825.0,24108.0,55825.0,zone_b
A-2-P,7/1/2015,55825.0,24108.0,55825.0,zone_b
A-2-P,8/1/2015,55825.0,24108.0,55825.0,zone_b
A-2-P,9/1/2015,55825.0,24108.0,55825.0,zone_b
A-2-P,10/1/2015,55825.0,24108.0,55825.0,zone_b
A-2-P,11/1/2015,55825.0,24108.0,55825.0,zone_b
A-2-P,12/1/2015,55825.0,24108.0,55825.0,zone_b
A-3-P,10/1/1985,10160.9,18891.62,10160.9,zone_b
A-3-P,11/1/1985,23128.84,41001.36,23128.84,zone_b
A-3-P,12/1/1985,34861.82,55731.44,34861.82,zone_b
A-4-P,6/1/1981,236.0,23375.0,236.0,zone_a
A-4-P,7/1/1981,860.0,54574.0,860.0,zone_a
A-4-P,8/1/1981,7248.0,72184.0,7248.0,zone_a
A-4-P,9/1/1981,13176.0,102255.0,13176.0,zone_a
A-4-P,10/1/1981,28406.0,127121.0,28406.0,zone_a
A-4-P,11/1/1981,46813.0,149482.0,46813.0,zone_a
A-4-P,12/1/1981,71328.0,180491.0,71328.0,zone_a
A-4-P,1/1/1982,91322.0,207091.0,91322.0,zone_a
A-4-P,2/1/1982,109607.4,234953.97,109607.4,zone_a
A-4-P,3/1/1982,127890.4,261244.97,127890.4,zone_a
A-4-P,4/1/1982,145317.4,285358.97,145317.4,zone_a
A-4-P,5/1/1982,162487.4,309490.97,162487.4,zone_a
A-4-P,6/1/1982,176702.4,330381.97,176702.4,zone_a
A-4-P,7/1/1982,188593.4,348208.97,188593.4,zone_a
A-4-P,8/1/1982,197775.4,358238.97,197775.4,zone_a
A-4-P,9/1/1982,204543.8333,363553.9033,204543.8333,zone_a
A-5-P,9/1/1987,1310.0,129.0,1310.0,zone_a
A-5-P,10/1/1987,16651.0,1164.0,16651.0,zone_a
A-5-P,11/1/1987,32874.0,1610.0,32874.0,zone_a
A-5-P,12/1/1987,49027.0,2290.0,49027.0,zone_a
A-5-P,1/1/1988,62552.0,9126.0,62552.0,zone_a
A-5-P,2/1/1988,75356.0,23326.0,75356.0,zone_a
A-5-P,3/1/1988,86804.0,40676.0,86804.0,zone_a
A-5-P,4/1/1988,97454.0,60256.0,97454.0,zone_a
A-5-P,5/1/1988,106411.0,78490.0,106411.0,zone_a
A-5-P,6/1/1988,113158.0,97647.0,113158.0,zone_a
A-5-P,7/1/1988,121058.0,119627.0,121058.0,zone_a
A-5-P,8/1/1988,130582.0,142689.0,130582.0,zone_a
A-5-P,9/1/1988,140286.0,168280.0,140286.0,zone_a
A-5-P,10/1/1988,149500.0,194331.0,149500.0,zone_a
A-5-P,11/1/1988,158096.0,217868.0,158096.0,zone_a
A-5-P,12/1/1988,165576.0,239818.0,165576.0,zone_a
A-5-P,1/1/1989,172386.0,263614.0,172386.0,zone_a
A-5-P,2/1/1989,178556.0,285468.0,178556.0,zone_a
A-5-P,3/1/1989,184520.0,306933.0,184520.0,zone_a
A-5-P,4/1/1989,191011.0,327884.0,191011.0,zone_a
A-5-P,5/1/1989,196492.0,342673.0,196492.0,zone_a
A-5-P,6/1/1989,200979.0,355056.0,200979.0,zone_a
A-5-P,7/1/1989,207455.0,373322.0,207455.0,zone_a
A-5-P,8/1/1989,214275.0,393530.0,214275.0,zone_a
A-5-P,9/1/1989,218279.0,407073.0,218279.0,zone_a
A-5-P,10/1/1989,226610.0,427274.0,226610.0,zone_a
A-5-P,11/1/1989,237733.0,444714.0,237733.0,zone_a
A-5-P,12/1/1989,249497.0,462754.0,249497.0,zone_a
A-5-P,1/1/1990,260913.0,479985.0,260913.0,zone_a
A-5-P,2/1/1990,271954.0,497605.0,271954.0,zone_a
A-5-P,3/1/1990,282537.0,518236.0,282537.0,zone_a
A-5-P,4/1/1990,292386.0,538632.0,292386.0,zone_a
A-5-P,5/1/1990,302788.0,560395.0,302788.0,zone_a
A-5-P,6/1/1990,314265.0,578163.0,314265.0,zone_a
A-5-P,7/1/1990,327192.0,596975.0,327192.0,zone_a
A-5-P,8/1/1990,339552.0,616604.0,339552.0,zone_a
A-5-P,9/1/1990,350933.0,636558.0,350933.0,zone_a
A-5-P,10/1/1990,362344.0,656062.0,362344.0,zone_a
A-5-P,11/1/1990,373734.0,674652.0,373734.0,zone_a
A-5-P,12/1/1990,384574.0,693630.0,384574.0,zone_a
A-5-P,1/1/1991,397215.0,716360.0,397215.0,zone_a
A-5-P,2/1/1991,405118.0,733578.0,405118.0,zone_a
A-5-P,3/1/1991,415746.0,751690.0,415746.0,zone_a
A-5-P,4/1/1991,427916.0,771150.0,427916.0,zone_a
A-5-P,5/1/1991,440489.0,791803.0,440489.0,zone_a
A-5-P,6/1/1991,452066.0,812930.0,452066.0,zone_a
A-5-P,7/1/1991,461497.0,833316.0,461497.0,zone_a
A-5-P,8/1/1991,472656.0,853194.0,472656.0,zone_a
A-5-P,9/1/1991,484823.0,872469.0,484823.0,zone_a
A-5-P,10/1/1991,496849.0,892398.0,496849.0,zone_a
A-5-P,11/1/1991,508937.0,914334.0,508937.0,zone_a
A-5-P,12/1/1991,518911.0,934300.0,518911.0,zone_a
A-5-P,1/1/1992,528498.0,956797.0,528498.0,zone_a
A-5-P,2/1/1992,534118.0,975062.0,534118.0,zone_a
A-5-P,3/1/1992,536057.0,982372.0,536057.0,zone_a
A-6-P,7/1/2002,5185.0,568.0,5185.0,zone_a
A-6-P,8/1/2002,56535.0,4731.0,56535.0,zone_a
A-6-P,9/1/2002,80809.0,6928.0,80809.0,zone_a
A-6-P,10/1/2002,104648.0,9200.0,104648.0,zone_a
A-6-P,11/1/2002,128165.0,11413.0,128165.0,zone_a
A-6-P,12/1/2002,154874.0,13926.0,154874.0,zone_a
A-6-P,1/1/2003,182925.0,19071.0,182925.0,zone_a
A-6-P,2/1/2003,207356.0,25410.0,207356.0,zone_a
A-6-P,3/1/2003,227673.0,31861.0,227673.0,zone_a
A-6-P,4/1/2003,250682.0,38851.0,250682.0,zone_a
A-6-P,5/1/2003,269977.09,44478.29,269977.09,zone_a
A-6-P,6/1/2003,290493.09,50641.29,290493.09,zone_a
A-6-P,7/1/2003,313758.72,57647.27,313758.72,zone_a
A-6-P,8/1/2003,336929.76,64270.18,336929.76,zone_a
A-6-P,9/1/2003,357730.8,69955.4,357730.8,zone_a
A-6-P,10/1/2003,380610.8,76408.4,380610.8,zone_a
A-6-P,11/1/2003,403919.8,82906.4,403919.8,zone_a
A-6-P,12/1/2003,424197.8,89415.4,424197.8,zone_a
A-6-P,1/1/2004,443696.8,95743.4,443696.8,zone_a
A-6-P,2/1/2004,460176.8,101354.4,460176.8,zone_a
A-6-P,3/1/2004,476318.8,106706.4,476318.8,zone_a
A-6-P,4/1/2004,494378.8,111949.4,494378.8,zone_a
A-6-P,5/1/2004,513828.8,116661.4,513828.8,zone_a
A-6-P,6/1/2004,531883.8,122520.4,531883.8,zone_a
A-6-P,7/1/2004,547962.8,128558.4,547962.8,zone_a
A-6-P,8/1/2004,563194.8,134871.4,563194.8,zone_a
A-6-P,9/1/2004,573239.8,138777.4,573239.8,zone_a
A-6-P,10/1/2004,587893.8,144420.4,587893.8,zone_a
A-6-P,11/1/2004,595524.8,147228.4,595524.8,zone_a
A-6-P,12/1/2004,604169.8,150409.4,604169.8,zone_a
A-6-P,1/1/2005,616072.8,154483.4,616072.8,zone_a
A-6-P,2/1/2005,619454.49,156258.23,619454.49,zone_a
A-6-P,3/1/2005,631912.49,159276.23,631912.49,zone_a
A-6-P,4/1/2005,647041.49,162158.23,647041.49,zone_a
A-6-P,5/1/2005,655755.49,163880.23,655755.49,zone_a
A-6-P,6/1/2005,667845.49,166534.23,667845.49,zone_a
A-6-P,7/1/2005,672859.49,170061.23,672859.49,zone_a
A-6-P,8/1/2005,678608.49,174822.23,678608.49,zone_a
A-6-P,9/1/2005,682155.49,176609.23,682155.49,zone_a
A-6-P,10/1/2005,687342.99,179281.58,687342.99,zone_a
A-6-P,11/1/2005,698028.99,183094.58,698028.99,zone_a
A-6-P,12/1/2005,711047.99,186451.58,711047.99,zone_a
A-6-P,1/1/2006,720992.99,189063.58,720992.99,zone_a
A-6-P,2/1/2006,730314.99,190383.58,730314.99,zone_a
A-6-P,3/1/2006,736233.99,195034.58,736233.99,zone_a
A-6-P,4/1/2006,744023.99,201459.58,744023.99,zone_a
A-6-P,5/1/2006,753590.99,207891.58,753590.99,zone_a
A-6-P,6/1/2006,755847.99,213723.58,755847.99,zone_a
A-6-P,7/1/2007,757103.99,215599.58,757103.99,zone_a
A-6-P,8/1/2007,762323.99,218881.58,762323.99,zone_a
A-6-P,9/1/2007,774097.99,220943.58,774097.99,zone_a
A-6-P,10/1/2007,786274.39,223349.69,786274.39,zone_a
A-6-P,11/1/2007,796356.39,225562.69,796356.39,zone_a
A-6-P,12/1/2007,805374.39,230084.69,805374.39,zone_a
A-6-P,1/1/2008,813447.81,233644.44,813447.81,zone_a
A-6-P,2/1/2008,824349.91,237415.43,824349.91,zone_a
A-6-P,3/1/2008,831363.44,239593.94,831363.44,zone_a
A-6-P,4/1/2008,839073.44,244399.94,839073.44,zone_a
A-6-P,5/1/2008,845291.44,248527.94,845291.44,zone_a
A-6-P,6/1/2008,851199.44,252582.94,851199.44,zone_a
A-6-P,7/1/2008,856403.34,256429.3,856403.34,zone_a
A-6-P,8/1/2008,863875.34,260244.3,863875.34,zone_a
A-6-P,9/1/2008,875635.34,264909.3,875635.34,zone_a
A-6-P,10/1/2008,890549.34,270068.3,890549.34,zone_a
A-6-P,11/1/2008,903505.34,274502.3,903505.34,zone_a
A-6-P,12/1/2008,913513.34,278433.3,913513.34,zone_a
A-6-P,1/1/2009,925907.34,283277.11,925907.34,zone_a
A-6-P,2/1/2009,935547.51,287063.36,935547.51,zone_a
A-6-P,3/1/2009,946806.11,290876.53,946806.11,zone_a
A-6-P,4/1/2009,955382.11,294129.53,955382.11,zone_a
A-6-P,5/1/2009,967065.71,299577.29,967065.71,zone_a
A-6-P,6/1/2009,980679.71,305057.29,980679.71,zone_a
A-6-P,7/1/2009,992497.51,312117.76,992497.51,zone_a
A-6-P,8/1/2009,1001246.24,318479.1,1001246.24,zone_a
A-6-P,9/1/2009,1012348.94,325255.13,1012348.94,zone_a
A-6-P,10/1/2009,1019257.8,332303.57,1019257.8,zone_a
A-6-P,11/1/2009,1025721.59,335723.25,1025721.59,zone_a
A-6-P,12/1/2009,1031777.59,339914.25,1031777.59,zone_a
A-6-P,1/1/2010,1042113.59,344177.25,1042113.59,zone_a
A-6-P,2/1/2010,1050517.41,345862.05,1050517.41,zone_a
A-6-P,3/1/2010,1060473.41,347758.05,1060473.41,zone_a
A-6-P,4/1/2010,1066434.41,350424.05,1066434.41,zone_a
A-6-P,5/1/2010,1073546.41,354137.05,1073546.41,zone_a
A-6-P,6/1/2010,1078641.27,357491.38,1078641.27,zone_a
A-6-P,7/1/2010,1089797.27,362137.38,1089797.27,zone_a
A-6-P,8/1/2010,1099055.27,366086.38,1099055.27,zone_a
A-6-P,9/1/2010,1104654.27,369141.38,1104654.27,zone_a
A-6-P,10/1/2010,1113269.27,373599.38,1113269.27,zone_a
A-6-P,11/1/2010,1120675.62,377519.38,1120675.62,zone_a
A-6-P,12/1/2010,1128692.64,380078.9,1128692.64,zone_a
A-6-P,1/1/2011,1136328.43,383771.18,1136328.43,zone_a
A-6-P,2/1/2011,1146312.73,387386.11,1146312.73,zone_a
A-6-P,3/1/2011,1156892.53,391174.71,1156892.53,zone_a
A-6-P,4/1/2011,1163782.35,394239.2,1163782.35,zone_a
A-6-P,5/1/2011,1172672.25,397614.61,1172672.25,zone_a
A-6-P,6/1/2011,1180950.61,400773.31,1180950.61,zone_a
A-6-P,7/1/2011,1190033.9,404335.25,1190033.9,zone_a
A-6-P,8/1/2011,1200044.9,408375.86,1200044.9,zone_a
A-6-P,9/1/2011,1207975.54,412462.12,1207975.54,zone_a
A-6-P,10/1/2011,1215156.28,416082.01,1215156.28,zone_a
A-6-P,11/1/2011,1224038.22,420208.77,1224038.22,zone_a
A-6-P,12/1/2011,1232079.22,424103.41,1232079.22,zone_a
A-6-P,1/1/2012,1241769.75,428002.72,1241769.75,zone_a
A-6-P,2/1/2012,1250059.89,431561.03,1250059.89,zone_a
A-6-P,3/1/2012,1259263.03,435086.25,1259263.03,zone_a
A-6-P,4/1/2012,1268087.5,438710.66,1268087.5,zone_a
A-6-P,5/1/2012,1275357.49,442617.07,1275357.49,zone_a
A-6-P,6/1/2012,1282919.73,446605.69,1282919.73,zone_a
A-6-P,7/1/2012,1290784.51,451056.07,1290784.51,zone_a
A-6-P,8/1/2012,1300179.09,454698.24,1300179.09,zone_a
A-6-P,9/1/2012,1307570.95,458708.53,1307570.95,zone_a
A-6-P,10/1/2012,1316295.73,463060.86,1316295.73,zone_a
A-6-P,11/1/2012,1324779.52,466132.98,1324779.52,zone_a
A-6-P,12/1/2012,1333008.66,470197.21,1333008.66,zone_a
A-6-P,1/1/2013,1339918.44,473755.97,1339918.44,zone_a
A-6-P,2/1/2013,1347459.9,476745.86,1347459.9,zone_a
A-6-P,3/1/2013,1355776.88,479607.93,1355776.88,zone_a
A-6-P,4/1/2013,1364228.17,483164.13,1364228.17,zone_a
A-6-P,5/1/2013,1372124.96,486911.44,1372124.96,zone_a
A-6-P,6/1/2013,1379907.39,490633.09,1379907.39,zone_a
A-6-P,7/1/2013,1388561.95,494300.08,1388561.95,zone_a
A-6-P,8/1/2013,1397196.01,497204.05,1397196.01,zone_a
A-6-P,9/1/2013,1405351.07,500361.03,1405351.07,zone_a
A-6-P,10/1/2013,1413448.86,503904.49,1413448.86,zone_a
A-6-P,11/1/2013,1421070.27,507521.99,1421070.27,zone_a
A-6-P,12/1/2013,1427452.02,510257.12,1427452.02,zone_a
A-6-P,1/1/2014,1428476.45,511589.89,1428476.45,zone_a
A-6-P,2/1/2014,1432983.66,518139.11,1432983.66,zone_a
A-6-P,3/1/2014,1437910.51,524904.51,1437910.51,zone_a
A-6-P,4/1/2014,1443221.43,531211.54,1443221.43,zone_a
A-6-P,5/1/2014,1448513.94,537947.79,1448513.94,zone_a
A-6-P,6/1/2014,1453941.52,543514.08,1453941.52,zone_a
A-6-P,7/1/2014,1459592.4,547372.76,1459592.4,zone_a
A-6-P,8/1/2014,1463646.25,551597.11,1463646.25,zone_a
A-6-P,9/1/2014,1467978.19,554581.1,1467978.19,zone_a
A-6-P,10/1/2014,1472353.34,558379.21,1472353.34,zone_a
A-6-P,11/1/2014,1475618.31,564552.48,1475618.31,zone_a
A-6-P,12/1/2014,1478818.65,571076.86,1478818.65,zone_a
A-6-P,1/1/2015,1481873.49,577321.36,1481873.49,zone_a
A-6-P,2/1/2015,1484585.39,582832.39,1484585.39,zone_a
A-6-P,3/1/2015,1487711.12,589116.22,1487711.12,zone_a
A-6-P,4/1/2015,1490587.14,595114.21,1490587.14,zone_a
A-6-P,5/1/2015,1493298.95,601456.09,1493298.95,zone_a
A-6-P,6/1/2015,1495873.36,607442.17,1495873.36,zone_a
A-6-P,7/1/2015,1498775.29,614171.38,1498775.29,zone_a
A-6-P,8/1/2015,1501750.6,621138.1,1501750.6,zone_a
A-6-P,9/1/2015,1504429.65,627628.9,1504429.65,zone_a
A-6-P,10/1/2015,1507041.89,634225.54,1507041.89,zone_a
A-6-P,11/1/2015,1509522.05,640444.9,1509522.05,zone_a
A-6-P,12/1/2015,1512130.86,646968.1,1512130.86,zone_a
A-6-P,1/1/2016,1514778.263,653268.1,1514778.263,zone_a
A-6-P,2/1/2016,1517207.252,659048.26,1517207.252,zone_a
A-6-P,3/1/2016,1519862.475,665171.14,1519862.475,zone_a
A-6-P,4/1/2016,1522353.245,671180.26,1522353.245,zone_a
A-6-P,5/1/2016,1524715.551,677066.32,1524715.551,zone_a
A-6-P,6/1/2016,1526985.611,682780.03,1526985.611,zone_a
A-6-P,7/1/2016,1529365.08,688731.72,1529365.08,zone_a
A-6-P,8/1/2016,1531779.2,694479.58,1531779.2,zone_a
A-6-P,9/1/2016,1534034.06,699879.58,1534034.06,zone_a
A-6-P,10/1/2016,1536382.83,705512.86,1536382.83,zone_a
A-6-P,11/1/2016,1538622.481,710941.66,1538622.481,zone_a
A-6-P,12/1/2016,1540967.042,716675.02,1540967.042,zone_a
A-6-P,1/1/2017,1543319.86,722522.14,1543319.86,zone_a
A-6-P,2/1/2017,1545547.081,727889.785,1545547.081,zone_a
A-6-P,3/1/2017,1548055.929,733887.385,1548055.929,zone_a
A-6-P,4/1/2017,1550406.091,739568.185,1550406.091,zone_a
A-6-P,5/1/2017,1552777.101,745408.825,1552777.101,zone_a
A-6-P,6/1/2017,1554182.741,748820.905,1554182.741,zone_a
A-7-P,3/1/1981,16558.0,687.0,16558.0,zone_c
A-7-P,4/1/1981,40525.0,3148.0,40525.0,zone_c
A-7-P,5/1/1981,61426.0,5106.0,61426.0,zone_c
A-7-P,6/1/1981,83923.0,6741.0,83923.0,zone_c
A-7-P,7/1/1981,101685.0,7650.0,101685.0,zone_c
A-7-P,8/1/1981,119663.0,8303.0,119663.0,zone_c
A-7-P,9/1/1981,133603.0,9254.0,133603.0,zone_c
A-7-P,10/1/1981,148730.0,11561.0,148730.0,zone_c
A-7-P,11/1/1981,160157.0,13532.0,160157.0,zone_c
A-7-P,12/1/1981,168705.0,14152.0,168705.0,zone_c
A-7-P,1/1/1982,192004.0,16566.0,192004.0,zone_c
A-7-P,2/1/1982,208961.83,20046.96,208961.83,zone_c
A-7-P,3/1/1982,223354.83,22979.96,223354.83,zone_c
A-7-P,4/1/1982,235584.83,25658.96,235584.83,zone_c
A-7-P,5/1/1982,249398.83,28880.96,249398.83,zone_c
A-7-P,6/1/1982,262110.83,32037.96,262110.83,zone_c
A-7-P,7/1/1982,277421.83,35826.96,277421.83,zone_c
A-7-P,8/1/1982,292411.83,39920.96,292411.83,zone_c
A-7-P,9/1/1982,305109.83,43509.96,305109.83,zone_c
A-7-P,10/1/1982,319487.83,47106.96,319487.83,zone_c
A-7-P,11/1/1982,331619.83,50129.96,331619.83,zone_c
A-7-P,12/1/1982,346228.83,53636.96,346228.83,zone_c
A-7-P,1/1/1983,362622.83,57696.96,362622.83,zone_c
A-7-P,2/1/1983,376941.83,60925.96,376941.83,zone_c
A-7-P,3/1/1983,392397.83,63333.96,392397.83,zone_c
A-7-P,4/1/1983,406328.83,65242.96,406328.83,zone_c
A-7-P,5/1/1983,421059.83,67255.96,421059.83,zone_c
A-7-P,6/1/1983,433419.83,69051.96,433419.83,zone_c
A-7-P,7/1/1983,448340.83,71475.96,448340.83,zone_c
A-7-P,8/1/1983,464047.83,73797.96,464047.83,zone_c
A-7-P,9/1/1983,477190.83,75601.96,477190.83,zone_c
A-7-P,10/1/1983,492661.83,77718.96,492661.83,zone_c
A-7-P,11/1/1983,506400.83,79597.96,506400.83,zone_c
A-7-P,12/1/1983,520718.83,81224.96,520718.83,zone_c
A-7-P,1/1/1984,536970.83,82428.96,536970.83,zone_c
A-7-P,2/1/1984,553122.83,84001.96,553122.83,zone_c
A-7-P,3/1/1984,569104.83,85538.96,569104.83,zone_c
A-7-P,4/1/1984,582339.83,86525.96,582339.83,zone_c
A-7-P,5/1/1984,599594.07,87716.64,599594.07,zone_c
A-7-P,6/1/1984,613910.07,88556.64,613910.07,zone_c
A-7-P,7/1/1984,626889.07,89293.64,626889.07,zone_c
A-7-P,8/1/1984,639860.07,89992.64,639860.07,zone_c
A-7-P,9/1/1984,650995.07,90631.64,650995.07,zone_c
A-7-P,10/1/1984,664276.07,91699.64,664276.07,zone_c
A-7-P,11/1/1984,679219.07,93128.64,679219.07,zone_c
A-7-P,12/1/1984,694303.07,94459.64,694303.07,zone_c
A-7-P,1/1/1985,709316.07,95606.64,709316.07,zone_c
A-7-P,2/1/1985,723875.07,96592.64,723875.07,zone_c
A-7-P,3/1/1985,738474.07,97870.64,738474.07,zone_c
A-7-P,4/1/1985,753312.07,99463.64,753312.07,zone_c
A-7-P,5/1/1985,769015.07,101259.64,769015.07,zone_c
A-7-P,6/1/1985,781965.07,102772.64,781965.07,zone_c
A-7-P,9/1/1985,802553.07,104781.64,802553.07,zone_c
A-7-P,10/1/1985,819452.07,106237.64,819452.07,zone_c
A-7-P,11/1/1985,838229.07,107952.64,838229.07,zone_c
A-7-P,12/1/1985,855214.07,110781.64,855214.07,zone_c
A-7-P,1/1/1986,872602.07,113858.64,872602.07,zone_c
A-7-P,2/1/1986,889199.07,116229.64,889199.07,zone_c
A-7-P,3/1/1986,905297.07,118412.64,905297.07,zone_c
A-7-P,4/1/1986,921093.07,120569.64,921093.07,zone_c
A-7-P,5/1/1986,934392.07,122265.64,934392.07,zone_c
A-7-P,6/1/1986,948099.07,123990.64,948099.07,zone_c
A-7-P,7/1/1986,964030.07,125833.64,964030.07,zone_c
A-7-P,8/1/1986,980008.07,127611.64,980008.07,zone_c
A-7-P,9/1/1986,995657.07,129836.64,995657.07,zone_c
A-7-P,10/1/1986,1010549.07,131912.64,1010549.07,zone_c
A-7-P,11/1/1986,1023986.07,133468.64,1023986.07,zone_c
A-7-P,12/1/1986,1038589.07,135063.64,1038589.07,zone_c
A-7-P,1/1/1987,1054380.07,136539.64,1054380.07,zone_c
A-7-P,2/1/1987,1070019.07,138255.64,1070019.07,zone_c
A-7-P,3/1/1987,1072276.07,138544.64,1072276.07,zone_c
A-7-P,8/1/1987,1086865.07,140474.64,1086865.07,zone_c
A-7-P,9/1/1987,1104769.07,142964.64,1104769.07,zone_c
A-7-P,10/1/1987,1125463.07,145266.64,1125463.07,zone_c
A-7-P,11/1/1987,1148046.07,147599.64,1148046.07,zone_c
A-7-P,12/1/1987,1171088.07,150010.64,1171088.07,zone_c
A-7-P,1/1/1988,1192348.07,152351.64,1192348.07,zone_c
A-7-P,2/1/1988,1210734.07,154291.64,1210734.07,zone_c
A-7-P,3/1/1988,1230490.07,156488.64,1230490.07,zone_c
A-7-P,4/1/1988,1247687.07,158863.64,1247687.07,zone_c
A-7-P,5/1/1988,1264215.07,160712.64,1264215.07,zone_c
A-7-P,6/1/1988,1277771.07,162421.64,1277771.07,zone_c
A-7-P,7/1/1988,1290193.07,164621.64,1290193.07,zone_c
A-7-P,8/1/1988,1302053.07,167031.64,1302053.07,zone_c
A-7-P,9/1/1988,1312538.07,169344.64,1312538.07,zone_c
A-7-P,10/1/1988,1322910.07,171076.64,1322910.07,zone_c
A-7-P,11/1/1988,1333854.07,172335.64,1333854.07,zone_c
A-7-P,12/1/1988,1345758.07,173518.64,1345758.07,zone_c
A-7-P,1/1/1989,1358200.07,174799.64,1358200.07,zone_c
A-7-P,2/1/1989,1368639.07,175953.64,1368639.07,zone_c
A-7-P,3/1/1989,1378917.07,177151.64,1378917.07,zone_c
A-7-P,4/1/1989,1389454.07,178425.64,1389454.07,zone_c
A-7-P,5/1/1989,1398053.07,179424.64,1398053.07,zone_c
A-7-P,6/1/1989,1404981.07,180291.64,1404981.07,zone_c
A-7-P,7/1/1989,1414480.07,181002.64,1414480.07,zone_c
A-7-P,8/1/1989,1424483.07,182104.64,1424483.07,zone_c
A-7-P,9/1/1989,1431837.07,183258.64,1431837.07,zone_c
A-7-P,10/1/1989,1443278.07,185168.64,1443278.07,zone_c
A-7-P,11/1/1989,1454864.07,186739.64,1454864.07,zone_c
A-7-P,12/1/1989,1464083.07,188089.64,1464083.07,zone_c
A-7-P,1/1/1990,1472805.07,189390.64,1472805.07,zone_c
A-7-P,2/1/1990,1481556.07,190670.64,1481556.07,zone_c
A-7-P,3/1/1990,1490522.07,191699.64,1490522.07,zone_c
A-7-P,4/1/1990,1501079.07,193037.64,1501079.07,zone_c
A-7-P,5/1/1990,1512803.07,194471.64,1512803.07,zone_c
A-7-P,6/1/1990,1526659.07,195181.64,1526659.07,zone_c
A-7-P,7/1/1990,1540207.07,196204.64,1540207.07,zone_c
A-7-P,8/1/1990,1551756.07,197444.64,1551756.07,zone_c
A-7-P,9/1/1990,1561119.07,198249.64,1561119.07,zone_c
A-7-P,10/1/1990,1569225.07,199015.64,1569225.07,zone_c
A-7-P,11/1/1990,1576791.07,199214.64,1576791.07,zone_c
A-7-P,12/1/1990,1584607.07,199897.64,1584607.07,zone_c
A-7-P,1/1/1991,1595590.07,200804.64,1595590.07,zone_c
A-7-P,2/1/1991,1603277.07,201552.64,1603277.07,zone_c
A-7-P,3/1/1991,1613970.07,202554.64,1613970.07,zone_c
A-7-P,4/1/1991,1621649.07,203352.64,1621649.07,zone_c
A-7-P,5/1/1991,1626327.07,203822.64,1626327.07,zone_c
A-7-P,6/1/1991,1633380.07,204648.64,1633380.07,zone_c
A-7-P,7/1/1991,1642087.07,205519.64,1642087.07,zone_c
A-7-P,8/1/1991,1652059.07,206561.64,1652059.07,zone_c
A-7-P,9/1/1991,1659388.07,207388.64,1659388.07,zone_c
A-7-P,10/1/1991,1665954.07,207918.64,1665954.07,zone_c
A-7-P,11/1/1991,1672181.07,208920.64,1672181.07,zone_c
A-7-P,12/1/1991,1678186.07,210340.64,1678186.07,zone_c
A-7-P,1/1/1992,1685732.07,211931.64,1685732.07,zone_c
A-7-P,2/1/1992,1694204.07,213197.64,1694204.07,zone_c
A-7-P,3/1/1992,1706476.07,214608.64,1706476.07,zone_c
A-7-P,4/1/1992,1715404.07,215871.64,1715404.07,zone_c
A-7-P,5/1/1992,1725515.9,217366.16,1725515.9,zone_c
A-7-P,6/1/1992,1734815.9,218658.16,1734815.9,zone_c
A-7-P,7/1/1992,1743798.55,219969.33,1743798.55,zone_c
A-7-P,8/1/1992,1752375.45,221222.31,1752375.45,zone_c
A-7-P,9/1/1992,1759667.78,222256.67,1759667.78,zone_c
A-7-P,10/1/1992,1767273.98,223290.05,1767273.98,zone_c
A-7-P,11/1/1992,1776256.98,224343.05,1776256.98,zone_c
A-7-P,12/1/1992,1785711.98,225783.05,1785711.98,zone_c
A-7-P,1/1/1993,1795984.98,227041.05,1795984.98,zone_c
A-7-P,2/1/1993,1805140.98,228045.05,1805140.98,zone_c
A-7-P,3/1/1993,1813935.98,229287.05,1813935.98,zone_c
A-7-P,4/1/1993,1821107.98,230670.05,1821107.98,zone_c
A-7-P,5/1/1993,1828786.98,232571.05,1828786.98,zone_c
A-7-P,6/1/1993,1836238.98,234557.05,1836238.98,zone_c
A-7-P,7/1/1993,1844423.98,236257.05,1844423.98,zone_c
A-7-P,8/1/1993,1852011.98,237836.05,1852011.98,zone_c
A-7-P,9/1/1993,1858379.98,239175.05,1858379.98,zone_c
A-7-P,10/1/1993,1865003.98,240875.05,1865003.98,zone_c
A-7-P,11/1/1993,1871263.98,242700.05,1871263.98,zone_c
A-7-P,12/1/1993,1878224.98,244878.05,1878224.98,zone_c
A-7-P,1/1/1994,1884934.98,246640.05,1884934.98,zone_c
A-7-P,2/1/1994,1891419.98,248191.05,1891419.98,zone_c
A-7-P,3/1/1994,1897738.98,249654.05,1897738.98,zone_c
A-7-P,4/1/1994,1904767.98,251789.05,1904767.98,zone_c
A-7-P,5/1/1994,1911619.98,253428.05,1911619.98,zone_c
A-7-P,6/1/1994,1917757.98,255282.05,1917757.98,zone_c
A-7-P,7/1/1994,1926078.98,257895.05,1926078.98,zone_c
A-7-P,8/1/1994,1933708.98,260833.05,1933708.98,zone_c
A-7-P,9/1/1994,1940564.98,264074.05,1940564.98,zone_c
A-7-P,10/1/1994,1945380.98,265233.05,1945380.98,zone_c
A-7-P,9/1/2006,1949680.876,266132.178,1949680.876,zone_c
A-7-P,10/1/2006,1969492.876,266893.178,1969492.876,zone_c
A-7-P,11/1/2006,1991399.826,268274.988,1991399.826,zone_c
A-7-P,12/1/2006,2008536.826,269329.988,2008536.826,zone_c
A-7-P,1/1/2007,2030193.826,271367.988,2030193.826,zone_c
A-7-P,2/1/2007,2052171.826,272945.988,2052171.826,zone_c
A-7-P,3/1/2007,2070906.826,274312.988,2070906.826,zone_c
A-7-P,4/1/2007,2089487.826,275711.988,2089487.826,zone_c
A-7-P,5/1/2007,2113101.826,277626.988,2113101.826,zone_c
A-7-P,6/1/2007,2130524.826,279018.988,2130524.826,zone_c
A-7-P,7/1/2007,2148444.826,280597.988,2148444.826,zone_c
A-7-P,8/1/2007,2162383.826,281028.988,2162383.826,zone_c
A-7-P,9/1/2007,2182988.826,282531.988,2182988.826,zone_c
A-7-P,10/1/2007,2202853.126,283958.468,2202853.126,zone_c
A-7-P,11/1/2007,2219034.126,285270.468,2219034.126,zone_c
A-7-P,12/1/2007,2228422.126,288449.468,2228422.126,zone_c
A-7-P,1/1/2008,2233826.256,290212.618,2233826.256,zone_c
A-7-P,2/1/2008,2239091.516,291830.048,2239091.516,zone_c
A-7-P,3/1/2008,2243607.366,293811.828,2243607.366,zone_c
A-7-P,4/1/2008,2248066.366,296037.828,2248066.366,zone_c
A-7-P,5/1/2008,2252860.366,298652.828,2252860.366,zone_c
A-7-P,6/1/2008,2257453.366,301338.828,2257453.366,zone_c
A-7-P,7/1/2008,2262318.856,302943.408,2262318.856,zone_c
A-7-P,8/1/2008,2266872.856,305086.408,2266872.856,zone_c
A-7-P,9/1/2008,2272022.856,307751.408,2272022.856,zone_c
A-7-P,10/1/2008,2277478.856,310638.408,2277478.856,zone_c
A-7-P,11/1/2008,2282362.856,313033.408,2282362.856,zone_c
A-7-P,12/1/2008,2286127.856,315617.408,2286127.856,zone_c
A-7-P,1/1/2009,2290785.276,318459.858,2290785.276,zone_c
A-7-P,2/1/2009,2294445.856,320712.978,2294445.856,zone_c
A-7-P,3/1/2009,2297975.596,323135.588,2297975.596,zone_c
A-7-P,4/1/2009,2301967.596,324954.588,2301967.596,zone_c
A-7-P,5/1/2009,2306279.656,327107.388,2306279.656,zone_c
A-7-P,6/1/2009,2311029.656,329426.388,2311029.656,zone_c
A-7-P,7/1/2009,2315458.666,331728.398,2315458.666,zone_c
A-7-P,8/1/2009,2319603.016,334729.478,2319603.016,zone_c
A-7-P,9/1/2009,2322591.996,337488.528,2322591.996,zone_c
A-7-P,10/1/2009,2325902.236,339587.178,2325902.236,zone_c
A-7-P,11/1/2009,2329337.926,341349.208,2329337.926,zone_c
A-7-P,12/1/2009,2334788.926,343234.208,2334788.926,zone_c
A-7-P,1/1/2010,2340073.926,345140.208,2340073.926,zone_c
A-7-P,2/1/2010,2344470.516,346944.728,2344470.516,zone_c
A-7-P,3/1/2010,2348290.516,348767.728,2348290.516,zone_c
A-7-P,4/1/2010,2351644.516,350745.728,2351644.516,zone_c
A-7-P,5/1/2010,2355074.516,352708.728,2355074.516,zone_c
A-7-P,6/1/2010,2358612.616,354733.678,2358612.616,zone_c
A-7-P,7/1/2010,2364342.616,359733.678,2364342.616,zone_c
A-7-P,8/1/2010,2367809.616,361592.678,2367809.616,zone_c
A-7-P,9/1/2010,2371695.616,363759.678,2371695.616,zone_c
A-7-P,10/1/2010,2376247.616,365747.678,2376247.616,zone_c
A-7-P,11/1/2010,2380517.856,367567.678,2380517.856,zone_c
A-7-P,12/1/2010,2388161.696,370614.528,2388161.696,zone_c
A-7-P,1/1/2011,2393907.856,373420.068,2393907.856,zone_c
A-7-P,2/1/2011,2396118.466,376752.438,2396118.466,zone_c
A-7-P,3/1/2011,2399511.956,381694.018,2399511.956,zone_c
A-7-P,4/1/2011,2402507.486,386109.958,2402507.486,zone_c
A-7-P,5/1/2011,2407790.246,391055.008,2407790.246,zone_c
A-7-P,6/1/2011,2413019.746,396192.998,2413019.746,zone_c
A-7-P,7/1/2011,2419240.886,401462.988,2419240.886,zone_c
A-7-P,8/1/2011,2424998.206,406976.788,2424998.206,zone_c
A-7-P,9/1/2011,2430077.796,411955.918,2430077.796,zone_c
A-7-P,10/1/2011,2434004.306,417236.598,2434004.306,zone_c
A-7-P,11/1/2011,2437689.796,419796.008,2437689.796,zone_c
A-7-P,12/1/2011,2442154.826,422144.568,2442154.826,zone_c
A-7-P,1/1/2012,2447575.066,424466.138,2447575.066,zone_c
A-7-P,2/1/2012,2455434.146,426591.268,2455434.146,zone_c
A-7-P,3/1/2012,2464773.396,429187.008,2464773.396,zone_c
A-7-P,4/1/2012,2470282.866,431915.008,2470282.866,zone_c
A-7-P,5/1/2012,2474234.306,434755.518,2474234.306,zone_c
A-7-P,6/1/2012,2477822.376,437413.528,2477822.376,zone_c
A-7-P,7/1/2012,2481677.456,439874.528,2481677.456,zone_c
A-7-P,8/1/2012,2489283.636,441548.138,2489283.636,zone_c
A-7-P,9/1/2012,2494415.116,443803.278,2494415.116,zone_c
A-7-P,10/1/2012,2500285.706,446679.278,2500285.706,zone_c
A-7-P,11/1/2012,2505115.646,448377.648,2505115.646,zone_c
A-7-P,12/1/2012,2511387.226,450753.948,2511387.226,zone_c
A-7-P,1/1/2013,2516985.796,453206.268,2516985.796,zone_c
A-7-P,2/1/2013,2522107.226,454990.548,2522107.226,zone_c
A-7-P,3/1/2013,2531039.736,457046.188,2531039.736,zone_c
A-7-P,4/1/2013,2536432.266,459413.668,2536432.266,zone_c
A-7-P,5/1/2013,2541738.996,461894.638,2541738.996,zone_c
A-7-P,6/1/2013,2548108.306,464330.258,2548108.306,zone_c
A-7-P,7/1/2013,2554274.136,466672.848,2554274.136,zone_c
A-7-P,8/1/2013,2560743.996,468445.148,2560743.996,zone_c
A-7-P,9/1/2013,2566641.486,470419.878,2566641.486,zone_c
A-7-P,10/1/2013,2572684.386,472718.498,2572684.386,zone_c
A-7-P,11/1/2013,2579099.056,475067.048,2579099.056,zone_c
A-7-P,12/1/2013,2584525.176,476645.348,2584525.176,zone_c
A-7-P,1/1/2014,2590002.026,478075.658,2590002.026,zone_c
A-7-P,2/1/2014,2593934.316,478946.848,2593934.316,zone_c
A-7-P,3/1/2014,2597904.646,479968.768,2597904.646,zone_c
A-7-P,4/1/2014,2601931.826,480947.078,2601931.826,zone_c
A-7-P,5/1/2014,2605956.446,482202.378,2605956.446,zone_c
A-7-P,6/1/2014,2609748.946,483577.318,2609748.946,zone_c
A-7-P,7/1/2014,2612714.946,484761.708,2612714.946,zone_c
A-7-P,8/1/2014,2615068.476,485955.108,2615068.476,zone_c
A-7-P,9/1/2014,2615178.776,485998.308,2615178.776,zone_c
A-8-P,4/1/1997,10220.0,82.0,10220.0,zone_a
A-8-P,5/1/1997,29503.0,1204.0,29503.0,zone_a
A-8-P,6/1/1997,35035.0,1441.0,35035.0,zone_a
A-8-P,7/1/1997,45348.0,1815.0,45348.0,zone_a
A-8-P,8/1/1997,64834.0,2585.0,64834.0,zone_a
A-8-P,9/1/1997,78206.0,8965.0,78206.0,zone_a
A-8-P,10/1/1997,94540.0,16133.0,94540.0,zone_a
A-8-P,11/1/1997,116256.0,24495.0,116256.0,zone_a
A-8-P,12/1/1997,137443.0,32816.0,137443.0,zone_a
A-8-P,1/1/1998,159477.0,41385.0,159477.0,zone_a
A-8-P,2/1/1998,178140.0,47279.0,178140.0,zone_a
A-8-P,3/1/1998,196839.0,53023.0,196839.0,zone_a
A-8-P,4/1/1998,210018.0,58511.0,210018.0,zone_a
A-8-P,5/1/1998,224526.0,66186.0,224526.0,zone_a
A-8-P,6/1/1998,244018.0,73506.0,244018.0,zone_a
A-8-P,7/1/1998,256978.0,78227.0,256978.0,zone_a
A-8-P,8/1/1998,272294.0,85205.0,272294.0,zone_a
A-8-P,9/1/1998,284397.0,91580.0,284397.0,zone_a
A-8-P,10/1/1998,297560.0,100577.0,297560.0,zone_a
A-8-P,11/1/1998,310682.0,110079.0,310682.0,zone_a
A-8-P,12/1/1998,320594.0,120151.0,320594.0,zone_a
A-8-P,1/1/1999,339020.0,127140.0,339020.0,zone_a
A-8-P,2/1/1999,352970.0,131545.0,352970.0,zone_a
A-8-P,3/1/1999,363025.0,134933.0,363025.0,zone_a
A-8-P,4/1/1999,378851.0,140668.0,378851.0,zone_a
A-8-P,5/1/1999,395417.0,146857.0,395417.0,zone_a
A-8-P,6/1/1999,408438.0,152022.0,408438.0,zone_a
A-8-P,7/1/1999,421124.0,154403.0,421124.0,zone_a
A-8-P,8/1/1999,432661.0,156936.0,432661.0,zone_a
A-8-P,9/1/1999,442583.0,159526.0,442583.0,zone_a
A-8-P,10/1/1999,453949.0,162089.0,453949.0,zone_a
A-8-P,11/1/1999,464551.0,164416.0,464551.0,zone_a
A-8-P,12/1/1999,474149.0,170949.0,474149.0,zone_a
A-8-P,1/1/2000,482262.0,177722.0,482262.0,zone_a
A-8-P,2/1/2000,488393.0,184285.0,488393.0,zone_a
A-8-P,3/1/2000,494883.0,187438.0,494883.0,zone_a
A-8-P,4/1/2000,502492.0,191254.0,502492.0,zone_a
A-8-P,5/1/2000,511469.0,195557.0,511469.0,zone_a
A-8-P,6/1/2000,517450.0,198806.0,517450.0,zone_a
A-8-P,7/1/2000,524251.0,204021.0,524251.0,zone_a
A-8-P,8/1/2000,532939.0,208281.0,532939.0,zone_a
A-8-P,9/1/2000,542614.0,213422.0,542614.0,zone_a
A-8-P,10/1/2000,550376.0,218511.0,550376.0,zone_a
A-8-P,11/1/2000,558209.0,224160.0,558209.0,zone_a
A-8-P,12/1/2000,564031.0,232435.0,564031.0,zone_a
A-8-P,1/1/2001,570631.0,236083.0,570631.0,zone_a
A-8-P,2/1/2001,577472.0,240457.0,577472.0,zone_a
A-8-P,3/1/2001,585348.0,248302.0,585348.0,zone_a
A-8-P,4/1/2001,593345.0,253480.0,593345.0,zone_a
A-8-P,5/1/2001,602785.0,261652.0,602785.0,zone_a
A-8-P,6/1/2001,609852.0,266749.0,609852.0,zone_a
A-8-P,7/1/2001,618355.0,268718.0,618355.0,zone_a
A-8-P,8/1/2001,627593.0,270718.0,627593.0,zone_a
A-8-P,9/1/2001,636636.0,272544.0,636636.0,zone_a
A-8-P,10/1/2001,645256.0,274475.0,645256.0,zone_a
A-8-P,11/1/2001,653160.0,276704.0,653160.0,zone_a
A-8-P,12/1/2001,661222.0,280377.0,661222.0,zone_a
A-8-P,1/1/2002,670144.0,283916.0,670144.0,zone_a
A-8-P,2/1/2002,677227.0,286966.0,677227.0,zone_a
A-8-P,3/1/2002,685535.0,290392.0,685535.0,zone_a
A-8-P,4/1/2002,693581.0,294355.0,693581.0,zone_a
A-8-P,5/1/2002,700948.0,298339.0,700948.0,zone_a
A-8-P,6/1/2002,708428.0,302261.0,708428.0,zone_a
A-8-P,7/1/2002,716504.0,306114.0,716504.0,zone_a
A-8-P,8/1/2002,722718.0,309549.0,722718.0,zone_a
A-8-P,9/1/2002,729019.0,313281.0,729019.0,zone_a
A-8-P,10/1/2002,735331.0,316847.0,735331.0,zone_a
A-8-P,11/1/2002,741204.0,320281.0,741204.0,zone_a
A-8-P,12/1/2002,745209.0,323890.0,745209.0,zone_a
A-8-P,1/1/2003,750739.0,327426.0,750739.0,zone_a
A-8-P,2/1/2003,756812.0,330783.0,756812.0,zone_a
A-8-P,3/1/2003,771959.0,334041.0,771959.0,zone_a
A-8-P,4/1/2003,785188.0,337164.0,785188.0,zone_a
A-8-P,5/1/2003,793909.04,343205.31,793909.04,zone_a
A-8-P,6/1/2003,801789.04,352344.31,801789.04,zone_a
A-8-P,7/1/2003,809237.92,362614.2,809237.92,zone_a
A-8-P,8/1/2003,816371.93,372164.08,816371.93,zone_a
A-8-P,9/1/2003,823196.94,381765.19,823196.94,zone_a
A-8-P,10/1/2003,826368.94,386145.19,826368.94,zone_a
A-8-P,11/1/2003,830725.94,390382.19,830725.94,zone_a
A-8-P,12/1/2003,834972.94,395989.19,834972.94,zone_a
A-8-P,1/1/2004,840130.94,401379.19,840130.94,zone_a
A-8-P,2/1/2004,847507.94,404616.19,847507.94,zone_a
A-8-P,3/1/2004,854080.94,406568.19,854080.94,zone_a
A-8-P,4/1/2004,858466.94,412335.19,858466.94,zone_a
A-8-P,5/1/2004,863491.94,421545.19,863491.94,zone_a
A-8-P,6/1/2004,867336.94,430602.19,867336.94,zone_a
A-8-P,7/1/2004,870391.94,440772.19,870391.94,zone_a
A-8-P,8/1/2004,875522.94,446628.19,875522.94,zone_a
A-8-P,9/1/2004,882461.94,454940.19,882461.94,zone_a
A-8-P,10/1/2004,889838.94,464291.19,889838.94,zone_a
A-8-P,11/1/2004,898342.94,474274.19,898342.94,zone_a
A-8-P,12/1/2004,905490.94,482049.19,905490.94,zone_a
A-8-P,1/1/2005,912562.94,490451.19,912562.94,zone_a
A-8-P,2/1/2005,919934.73,498161.46,919934.73,zone_a
A-8-P,3/1/2005,926065.73,505746.46,926065.73,zone_a
A-8-P,4/1/2005,928569.73,509304.46,928569.73,zone_a
A-8-P,5/1/2005,929688.73,511122.46,929688.73,zone_a
A-8-P,6/1/2005,933605.73,513637.46,933605.73,zone_a
A-8-P,7/1/2005,948527.73,519045.46,948527.73,zone_a
A-8-P,8/1/2005,960881.73,523076.46,960881.73,zone_a
A-8-P,9/1/2005,972647.73,527040.46,972647.73,zone_a
A-8-P,10/1/2005,984683.03,530967.11,984683.03,zone_a
A-8-P,11/1/2005,994182.03,534498.11,994182.03,zone_a
A-8-P,12/1/2005,1003793.03,538617.11,1003793.03,zone_a
A-8-P,1/1/2006,1013489.03,542913.11,1013489.03,zone_a
A-8-P,2/1/2006,1023513.03,552468.11,1023513.03,zone_a
A-8-P,3/1/2006,1033426.03,561804.11,1033426.03,zone_a
A-8-P,4/1/2006,1040122.03,568474.11,1040122.03,zone_a
A-8-P,5/1/2006,1047411.03,575122.11,1047411.03,zone_a
A-8-P,6/1/2006,1052740.03,583016.11,1052740.03,zone_a
A-8-P,7/1/2006,1057975.03,591853.11,1057975.03,zone_a
A-8-P,8/1/2006,1064388.04,600141.57,1064388.04,zone_a
A-8-P,9/1/2006,1071448.88,606428.07,1071448.88,zone_a
A-8-P,10/1/2006,1076206.88,610927.07,1076206.88,zone_a
A-8-P,11/1/2006,1084055.86,619444.23,1084055.86,zone_a
A-8-P,12/1/2006,1090287.86,626790.23,1090287.86,zone_a
A-8-P,1/1/2007,1095185.86,632117.23,1095185.86,zone_a
A-8-P,2/1/2007,1099597.86,638653.23,1099597.86,zone_a
A-8-P,3/1/2007,1105131.86,647345.23,1105131.86,zone_a
A-8-P,4/1/2007,1112286.86,658167.23,1112286.86,zone_a
A-8-P,5/1/2007,1117982.86,668293.23,1117982.86,zone_a
A-8-P,6/1/2007,1127901.86,683233.23,1127901.86,zone_a
A-8-P,7/1/2007,1133947.86,687164.23,1133947.86,zone_a
A-8-P,8/1/2007,1139494.86,689519.23,1139494.86,zone_a
A-8-P,9/1/2007,1144771.86,691770.23,1144771.86,zone_a
A-8-P,10/1/2007,1150618.57,694360.33,1150618.57,zone_a
A-8-P,11/1/2007,1156277.57,697543.33,1156277.57,zone_a
A-8-P,12/1/2007,1162280.57,701446.33,1162280.57,zone_a
A-8-P,1/1/2008,1174699.87,705325.32,1174699.87,zone_a
A-8-P,2/1/2008,1186676.07,710146.04,1186676.07,zone_a
A-8-P,3/1/2008,1197266.97,715315.43,1197266.97,zone_a
A-8-P,4/1/2008,1205750.97,720276.43,1205750.97,zone_a
A-8-P,5/1/2008,1214318.97,728708.43,1214318.97,zone_a
A-8-P,6/1/2008,1223020.97,734582.43,1223020.97,zone_a
A-8-P,7/1/2008,1230552.36,739479.07,1230552.36,zone_a
A-8-P,8/1/2008,1236357.36,744171.07,1236357.36,zone_a
A-8-P,9/1/2008,1242714.36,749025.07,1242714.36,zone_a
A-8-P,10/1/2008,1250860.36,760274.07,1250860.36,zone_a
A-8-P,11/1/2008,1257602.36,769777.07,1257602.36,zone_a
A-8-P,12/1/2008,1261617.36,778468.07,1261617.36,zone_a
A-8-P,1/1/2009,1264602.77,785082.06,1264602.77,zone_a
A-8-P,2/1/2009,1267628.66,791088.68,1267628.66,zone_a
A-8-P,3/1/2009,1272421.74,796450.43,1272421.74,zone_a
A-8-P,4/1/2009,1277548.74,803982.43,1277548.74,zone_a
A-8-P,5/1/2009,1281839.98,811951.88,1281839.98,zone_a
A-8-P,6/1/2009,1286124.98,817917.88,1286124.98,zone_a
A-8-P,7/1/2009,1290030.46,823355.66,1290030.46,zone_a
A-8-P,8/1/2009,1293293.04,830039.98,1293293.04,zone_a
A-8-P,9/1/2009,1297637.79,835846.51,1297637.79,zone_a
A-8-P,10/1/2009,1301883.89,841272.62,1301883.89,zone_a
A-8-P,11/1/2009,1305528.43,844961.16,1305528.43,zone_a
A-8-P,12/1/2009,1310340.43,851061.16,1310340.43,zone_a
A-8-P,1/1/2010,1314836.43,857321.16,1314836.43,zone_a
A-8-P,2/1/2010,1319329.71,862947.89,1319329.71,zone_a
A-8-P,3/1/2010,1322762.71,868644.89,1322762.71,zone_a
A-8-P,4/1/2010,1328258.71,874816.89,1328258.71,zone_a
A-8-P,5/1/2010,1333445.71,880642.89,1333445.71,zone_a
A-8-P,6/1/2010,1338540.57,886319.41,1338540.57,zone_a
A-8-P,7/1/2010,1345554.57,893707.41,1345554.57,zone_a
A-8-P,8/1/2010,1350931.57,900199.41,1350931.57,zone_a
A-8-P,9/1/2010,1356283.57,906307.41,1356283.57,zone_a
A-8-P,10/1/2010,1362595.57,912850.41,1362595.57,zone_a
A-8-P,11/1/2010,1367604.45,927213.41,1367604.45,zone_a
A-8-P,12/1/2010,1373361.07,934660.05,1373361.07,zone_a
A-8-P,1/1/2011,1378917.99,942004.23,1378917.99,zone_a
A-8-P,2/1/2011,1384140.3,946483.82,1384140.3,zone_a
A-8-P,3/1/2011,1389925.93,953009.78,1389925.93,zone_a
A-8-P,4/1/2011,1396193.83,959188.76,1396193.83,zone_a
A-8-P,5/1/2011,1401395.41,965066.43,1401395.41,zone_a
A-8-P,6/1/2011,1404893.93,971907.5,1404893.93,zone_a
A-8-P,7/1/2011,1409084.76,978969.39,1409084.76,zone_a
A-8-P,8/1/2011,1414383.16,985794.24,1414383.16,zone_a
A-8-P,9/1/2011,1422404.1,991794.87,1422404.1,zone_a
A-8-P,10/1/2011,1430670.81,996521.78,1430670.81,zone_a
A-8-P,11/1/2011,1435116.13,1001650.62,1435116.13,zone_a
A-8-P,12/1/2011,1440276.82,1008372.74,1440276.82,zone_a
A-8-P,1/1/2012,1447661.04,1015980.89,1447661.04,zone_a
A-8-P,2/1/2012,1453004.11,1023466.5,1453004.11,zone_a
A-8-P,3/1/2012,1460381.02,1032568.89,1460381.02,zone_a
A-8-P,4/1/2012,1466778.06,1041917.11,1466778.06,zone_a
A-8-P,5/1/2012,1474433.52,1052275.81,1474433.52,zone_a
A-8-P,6/1/2012,1482665.22,1060489.32,1482665.22,zone_a
A-8-P,7/1/2012,1484957.19,1064018.97,1484957.19,zone_a
A-8-P,8/1/2012,1489661.64,1072171.26,1489661.64,zone_a
A-8-P,9/1/2012,1497049.31,1082811.96,1497049.31,zone_a
A-8-P,10/1/2012,1504209.97,1088535.04,1504209.97,zone_a
A-8-P,11/1/2012,1511746.84,1092720.7,1511746.84,zone_a
A-8-P,12/1/2012,1519028.86,1096669.25,1519028.86,zone_a
A-8-P,1/1/2013,1528091.53,1100724.56,1528091.53,zone_a
A-8-P,2/1/2013,1534788.63,1104162.56,1534788.63,zone_a
A-8-P,3/1/2013,1544792.63,1107753.56,1544792.63,zone_a
A-8-P,4/1/2013,1552560.63,1111405.16,1552560.63,zone_a
A-8-P,5/1/2013,1561346.99,1116312.11,1561346.99,zone_a
A-8-P,6/1/2013,1567448.24,1121179.93,1567448.24,zone_a
A-8-P,7/1/2013,1574590.84,1126487.74,1574590.84,zone_a
A-8-P,8/1/2013,1581090.86,1131108.24,1581090.86,zone_a
A-8-P,9/1/2013,1587940.1,1135311.48,1587940.1,zone_a
A-8-P,10/1/2013,1595678.05,1139942.72,1595678.05,zone_a
A-8-P,11/1/2013,1603229.4,1144156.41,1603229.4,zone_a
A-8-P,12/1/2013,1611461.99,1148202.11,1611461.99,zone_a
A-8-P,1/1/2014,1617775.51,1153732.7,1617775.51,zone_a
A-8-P,2/1/2014,1624988.44,1158412.74,1624988.44,zone_a
A-8-P,3/1/2014,1633674.3,1162873.95,1633674.3,zone_a
A-8-P,4/1/2014,1639108.88,1170775.73,1639108.88,zone_a
A-8-P,5/1/2014,1639285.62,1171124.23,1639285.62,zone_a
A-8-P,6/1/2014,1639590.09,1172386.0,1639590.09,zone_a
A-8-P,7/1/2014,1641134.1,1181824.4,1641134.1,zone_a
A-8-P,8/1/2014,1643145.64,1194262.44,1643145.64,zone_a
A-8-P,9/1/2014,1644802.31,1203940.12,1644802.31,zone_a
A-8-P,10/1/2014,1646121.07,1215281.95,1646121.07,zone_a
A-8-P,11/1/2014,1647416.16,1226336.86,1647416.16,zone_a
A-8-P,12/1/2014,1648299.91,1233438.39,1648299.91,zone_a
A-8-P,1/1/2015,1649025.08,1239244.75,1649025.08,zone_a
A-8-P,2/1/2015,1649667.47,1244490.6,1649667.47,zone_a
A-8-P,3/1/2015,1650409.79,1250472.29,1650409.79,zone_a
A-8-P,4/1/2015,1651109.4,1256386.54,1651109.4,zone_a
A-8-P,5/1/2015,1651109.4,1256386.54,1651109.4,zone_a
A-8-P,6/1/2015,1651109.4,1256386.54,1651109.4,zone_a
A-8-P,7/1/2015,1651109.4,1256386.54,1651109.4,zone_a
A-8-P,8/1/2015,1651109.4,1256386.54,1651109.4,zone_a
A-8-P,9/1/2015,1651109.4,1256386.54,1651109.4,zone_a
A-8-P,10/1/2015,1651109.4,1256386.54,1651109.4,zone_a
A-8-P,11/1/2015,1651109.4,1256386.54,1651109.4,zone_a
A-8-P,12/1/2015,1651109.4,1256386.54,1651109.4,zone_a
A-9-P,4/1/1998,7379.0,228.0,7379.0,zone_a
A-9-P,5/1/1998,18554.0,3145.0,18554.0,zone_a
A-9-P,8/1/2003,26998.02,5599.88,26998.02,zone_a
A-9-P,9/1/2003,36039.04,7422.1,36039.04,zone_a
A-9-P,10/1/2003,46499.04,9268.1,46499.04,zone_a
A-9-P,11/1/2003,55583.04,11155.1,55583.04,zone_a
A-9-P,12/1/2003,65866.04,13128.1,65866.04,zone_a
A-9-P,1/1/2004,76119.04,15139.1,76119.04,zone_a
A-9-P,2/1/2004,86579.04,17161.1,86579.04,zone_a
A-9-P,3/1/2004,96080.04,19038.1,96080.04,zone_a
A-9-P,4/1/2004,105458.04,21027.1,105458.04,zone_a
A-9-P,5/1/2004,109121.04,24690.1,109121.04,zone_a
A-9-P,6/1/2004,112279.04,27161.1,112279.04,zone_a
A-9-P,7/1/2004,112936.04,28545.1,112936.04,zone_a
A-10-P,8/1/2008,3522.0,3466.0,3522.0,zone_a
A-10-P,9/1/2008,4236.0,6105.0,4236.0,zone_a
A-10-P,10/1/2008,6735.0,7254.0,6735.0,zone_a
A-10-P,11/1/2008,11120.0,9280.0,11120.0,zone_a
A-10-P,12/1/2008,15494.0,12474.0,15494.0,zone_a
A-10-P,1/1/2009,20227.62,14561.16,20227.62,zone_a
A-10-P,2/1/2009,24276.04,16492.68,24276.04,zone_a
A-10-P,3/1/2009,29507.07,19851.19,29507.07,zone_a
A-10-P,4/1/2009,32240.07,21606.19,32240.07,zone_a
A-10-P,5/1/2009,32803.51,22181.01,32803.51,zone_a
A-10-P,11/1/2009,33652.31,22511.1,33652.31,zone_a
A-10-P,1/1/2011,34374.63,22659.83,34374.63,zone_a
A-10-P,2/1/2011,36853.08,22922.07,36853.08,zone_a
A-10-P,3/1/2011,40598.39,22933.35,40598.39,zone_a
A-10-P,4/1/2011,43830.66,22965.88,43830.66,zone_a
A-10-P,5/1/2011,47344.99,22988.32,47344.99,zone_a
A-10-P,6/1/2011,50286.77,23106.72,50286.77,zone_a
A-10-P,7/1/2011,53523.02,23241.65,53523.02,zone_a
A-10-P,8/1/2011,57269.22,23397.77,57269.22,zone_a
A-10-P,9/1/2011,60872.82,23558.85,60872.82,zone_a
A-10-P,10/1/2011,64229.42,23708.66,64229.42,zone_a
A-10-P,11/1/2011,66308.12,23801.55,66308.12,zone_a
A-10-P,12/1/2011,69127.22,23927.26,69127.22,zone_a
A-10-P,1/1/2012,72207.62,24064.57,72207.62,zone_a
A-10-P,2/1/2012,74306.72,24476.92,74306.72,zone_a
A-10-P,3/1/2012,76175.72,24742.63,76175.72,zone_a
A-10-P,4/1/2012,78197.82,25030.04,78197.82,zone_a
A-10-P,5/1/2012,80597.52,25367.31,80597.52,zone_a
A-10-P,6/1/2012,82532.12,25646.75,82532.12,zone_a
A-10-P,7/1/2012,84191.72,25895.33,84191.72,zone_a
A-10-P,8/1/2012,84901.52,26000.87,84901.52,zone_a
A-10-P,9/1/2012,84992.5,26305.73,84992.5,zone_a
A-11-P,5/1/2011,0.86,8472.4,0.86,zone_a
A-11-P,6/1/2011,338.93,11929.8,338.93,zone_a
A-11-P,1/1/2014,338.93,11929.8,338.93,zone_a
A-11-P,2/1/2014,338.93,11929.8,338.93,zone_a
A-11-P,3/1/2014,338.93,11929.8,338.93,zone_a
A-11-P,4/1/2014,338.93,11929.8,338.93,zone_a
A-11-P,5/1/2014,338.93,11929.8,338.93,zone_a
A-11-P,6/1/2014,338.93,11929.8,338.93,zone_a
A-11-P,7/1/2014,338.93,11929.8,338.93,zone_a
A-11-P,8/1/2014,338.93,11929.8,338.93,zone_a
A-11-P,9/1/2014,338.93,11929.8,338.93,zone_a
A-11-P,10/1/2014,338.93,11929.8,338.93,zone_a
A-11-P,11/1/2014,338.93,11929.8,338.93,zone_a
A-11-P,12/1/2014,338.93,11929.8,338.93,zone_a
A-11-P,1/1/2015,338.93,11929.8,338.93,zone_a
A-11-P,2/1/2015,338.93,11929.8,338.93,zone_a
A-11-P,3/1/2015,338.93,11929.8,338.93,zone_a
A-11-P,4/1/2015,338.93,11929.8,338.93,zone_a
A-11-P,5/1/2015,338.93,11929.8,338.93,zone_a
A-11-P,6/1/2015,338.93,11929.8,338.93,zone_a
A-11-P,7/1/2015,338.93,11929.8,338.93,zone_a
A-11-P,8/1/2015,338.93,11929.8,338.93,zone_a
A-11-P,9/1/2015,338.93,11929.8,338.93,zone_a
A-11-P,10/1/2015,338.93,11929.8,338.93,zone_a
A-11-P,11/1/2015,338.93,11929.8,338.93,zone_a
A-11-P,12/1/2015,338.93,11929.8,338.93,zone_a
A-12-P,8/1/2006,1528.0,4642.24,1528.0,zone_a
A-13-P,11/1/2002,6217.0,101.0,6217.0,zone_a
A-13-P,12/1/2002,17310.0,575.0,17310.0,zone_a
A-13-P,1/1/2003,30601.0,750.0,30601.0,zone_a
A-13-P,2/1/2003,39152.0,978.0,39152.0,zone_a
A-13-P,3/1/2003,46650.0,1234.0,46650.0,zone_a
A-13-P,4/1/2003,58303.0,1399.0,58303.0,zone_a
A-13-P,5/1/2003,68377.05,1528.87,68377.05,zone_a
A-13-P,6/1/2003,80652.05,1779.87,80652.05,zone_a
A-13-P,7/1/2003,93464.85,2015.44,93464.85,zone_a
A-13-P,8/1/2003,106848.88,2267.55,106848.88,zone_a
A-13-P,9/1/2003,119169.9,2391.29,119169.9,zone_a
A-13-P,10/1/2003,129753.9,2685.29,129753.9,zone_a
A-13-P,11/1/2003,140003.9,2873.29,140003.9,zone_a
A-13-P,12/1/2003,147571.9,3230.29,147571.9,zone_a
A-13-P,1/1/2004,155402.9,3590.29,155402.9,zone_a
A-13-P,2/1/2004,162644.9,4011.29,162644.9,zone_a
A-13-P,3/1/2004,166133.9,4274.29,166133.9,zone_a
A-13-P,4/1/2004,171941.9,4429.29,171941.9,zone_a
A-13-P,5/1/2004,177676.9,4643.29,177676.9,zone_a
A-13-P,6/1/2004,183520.9,5003.29,183520.9,zone_a
A-13-P,7/1/2004,187861.9,5236.29,187861.9,zone_a
A-13-P,8/1/2004,191844.9,5559.29,191844.9,zone_a
A-13-P,9/1/2004,193961.9,5731.29,193961.9,zone_a
A-13-P,10/1/2004,197471.9,6768.29,197471.9,zone_a
A-13-P,11/1/2004,202316.9,8135.29,202316.9,zone_a
A-13-P,12/1/2004,208278.9,9607.29,208278.9,zone_a
A-13-P,1/1/2005,208405.9,9646.29,208405.9,zone_a
A-13-P,2/1/2005,213085.32,11174.15,213085.32,zone_a
A-13-P,3/1/2005,218368.32,12752.15,218368.32,zone_a
A-13-P,4/1/2005,222880.32,13995.15,222880.32,zone_a
A-13-P,5/1/2005,228491.32,15415.15,228491.32,zone_a
A-13-P,6/1/2005,234110.32,16785.15,234110.32,zone_a
A-13-P,7/1/2005,239511.32,18161.15,239511.32,zone_a
A-13-P,8/1/2005,245113.32,19374.15,245113.32,zone_a
A-13-P,9/1/2005,253361.32,20393.15,253361.32,zone_a
A-13-P,10/1/2005,261915.61,20749.58,261915.61,zone_a
A-13-P,11/1/2005,270056.61,21476.58,270056.61,zone_a
A-13-P,12/1/2005,277939.61,21830.58,277939.61,zone_a
A-13-P,1/1/2006,286512.61,22077.58,286512.61,zone_a
A-13-P,2/1/2006,294781.61,22315.58,294781.61,zone_a
A-13-P,3/1/2006,300261.61,22766.58,300261.61,zone_a
A-13-P,4/1/2006,304945.61,23712.58,304945.61,zone_a
A-13-P,5/1/2006,313187.61,25436.58,313187.61,zone_a
A-13-P,6/1/2006,321105.61,26651.58,321105.61,zone_a
A-13-P,7/1/2006,331164.61,27945.58,331164.61,zone_a
A-13-P,8/1/2006,339481.63,29948.77,339481.63,zone_a
A-13-P,9/1/2006,348276.42,30519.72,348276.42,zone_a
A-13-P,10/1/2006,355530.42,31546.72,355530.42,zone_a
A-13-P,11/1/2006,361981.41,32464.91,361981.41,zone_a
A-13-P,12/1/2006,371739.41,33609.91,371739.41,zone_a
A-13-P,1/1/2007,381375.41,34837.91,381375.41,zone_a
A-13-P,2/1/2007,389558.41,35974.91,389558.41,zone_a
A-13-P,3/1/2007,399309.41,37405.91,399309.41,zone_a
A-13-P,4/1/2007,405919.41,38367.91,405919.41,zone_a
A-13-P,5/1/2007,412467.41,39152.91,412467.41,zone_a
A-13-P,6/1/2007,422682.41,40300.91,422682.41,zone_a
A-13-P,7/1/2007,431548.41,41362.91,431548.41,zone_a
A-13-P,8/1/2007,440573.41,42190.91,440573.41,zone_a
A-13-P,9/1/2007,450668.41,43463.91,450668.41,zone_a
A-13-P,10/1/2007,456583.11,44371.24,456583.11,zone_a
A-13-P,1/1/2014,456583.11,44371.24,456583.11,zone_a
A-13-P,2/1/2014,456583.11,44371.24,456583.11,zone_a
A-13-P,3/1/2014,456583.11,44371.24,456583.11,zone_a
A-13-P,4/1/2014,456583.11,44371.24,456583.11,zone_a
A-13-P,5/1/2014,456583.11,44371.24,456583.11,zone_a
A-13-P,6/1/2014,456583.11,44371.24,456583.11,zone_a
A-13-P,7/1/2014,456583.11,44371.24,456583.11,zone_a
A-13-P,8/1/2014,456583.11,44371.24,456583.11,zone_a
A-13-P,9/1/2014,456583.11,44371.24,456583.11,zone_a
A-13-P,10/1/2014,456583.11,44371.24,456583.11,zone_a
A-13-P,11/1/2014,456583.11,44371.24,456583.11,zone_a
A-13-P,12/1/2014,456583.11,44371.24,456583.11,zone_a
A-13-P,1/1/2015,456583.11,44371.24,456583.11,zone_a
A-13-P,2/1/2015,456583.11,44371.24,456583.11,zone_a
A-13-P,3/1/2015,456583.11,44371.24,456583.11,zone_a
A-13-P,4/1/2015,456583.11,44371.24,456583.11,zone_a
A-13-P,5/1/2015,456583.11,44371.24,456583.11,zone_a
A-13-P,6/1/2015,456583.11,44371.24,456583.11,zone_a
A-13-P,7/1/2015,456583.11,44371.24,456583.11,zone_a
A-13-P,8/1/2015,456583.11,44371.24,456583.11,zone_a
A-13-P,9/1/2015,456583.11,44371.24,456583.11,zone_a
A-13-P,10/1/2015,456583.11,44371.24,456583.11,zone_a
A-13-P,11/1/2015,456583.11,44371.24,456583.11,zone_a
A-13-P,12/1/2015,456583.11,44371.24,456583.11,zone_a
A-14-P,5/1/2002,3674.0,193.0,3674.0,zone_a
A-14-P,6/1/2002,26293.0,1358.0,26293.0,zone_a
A-14-P,7/1/2002,51416.0,2378.0,51416.0,zone_a
A-14-P,8/1/2002,73844.0,3435.0,73844.0,zone_a
A-14-P,9/1/2002,91354.0,7950.0,91354.0,zone_a
A-14-P,10/1/2002,108129.0,13813.0,108129.0,zone_a
A-14-P,11/1/2002,125442.0,19646.0,125442.0,zone_a
A-14-P,12/1/2002,139961.0,25377.0,139961.0,zone_a
A-14-P,1/1/2003,156124.0,31508.0,156124.0,zone_a
A-14-P,2/1/2003,169714.0,36560.0,169714.0,zone_a
A-14-P,3/1/2003,183978.0,42162.0,183978.0,zone_a
A-14-P,4/1/2003,197177.0,47372.0,197177.0,zone_a
A-14-P,5/1/2003,207227.05,51187.97,207227.05,zone_a
A-14-P,6/1/2003,217725.05,54953.97,217725.05,zone_a
A-14-P,7/1/2003,226797.91,58982.74,226797.91,zone_a
A-14-P,8/1/2003,235791.93,63801.0,235791.93,zone_a
A-14-P,9/1/2003,247226.95,69679.82,247226.95,zone_a
A-14-P,10/1/2003,256378.95,77017.82,256378.95,zone_a
A-14-P,11/1/2003,266060.95,81186.82,266060.95,zone_a
A-14-P,12/1/2003,273341.95,84692.82,273341.95,zone_a
A-14-P,1/1/2004,280669.95,88078.82,280669.95,zone_a
A-14-P,2/1/2004,287404.95,91548.82,287404.95,zone_a
A-14-P,3/1/2004,292990.95,93863.82,292990.95,zone_a
A-14-P,4/1/2004,301223.95,97702.82,301223.95,zone_a
A-14-P,5/1/2004,319964.95,103050.82,319964.95,zone_a
A-14-P,6/1/2004,330138.95,106699.82,330138.95,zone_a
A-14-P,7/1/2004,341265.95,111839.82,341265.95,zone_a
A-14-P,8/1/2004,350285.95,116221.82,350285.95,zone_a
A-14-P,9/1/2004,356926.95,123561.82,356926.95,zone_a
A-14-P,10/1/2004,362267.95,132539.82,362267.95,zone_a
A-14-P,11/1/2004,368556.95,141014.82,368556.95,zone_a
A-14-P,12/1/2004,375902.95,149813.82,375902.95,zone_a
A-14-P,1/1/2005,381468.95,158933.82,381468.95,zone_a
A-14-P,2/1/2005,386716.82,166618.09,386716.82,zone_a
A-14-P,3/1/2005,391347.82,173564.09,391347.82,zone_a
A-14-P,4/1/2005,395420.82,181062.09,395420.82,zone_a
A-14-P,5/1/2005,400784.82,191904.09,400784.82,zone_a
A-14-P,6/1/2005,402510.82,194768.09,402510.82,zone_a
A-14-P,7/1/2005,406320.82,201092.09,406320.82,zone_a
A-15-P,1/1/2019,298.501,46.071,298.501,zone_c
A-15-P,2/1/2019,597.267,75.982,597.267,zone_c
A-15-P,6/1/2019,2570.904,4026.718,2570.904,zone_c
A-15-P,7/1/2019,4526.015,7871.459,4526.015,zone_c
A-16-P,4/1/2003,3939.0,17125.0,3939.0,zone_a
A-16-P,5/1/2003,4070.0,18387.55,4070.0,zone_a
A-17-P,12/1/2010,6214.5,126.83,6214.5,zone_a
A-17-P,1/1/2011,19301.8,962.21,19301.8,zone_a
A-17-P,2/1/2011,19309.02,1548.81,19309.02,zone_a
A-17-P,3/1/2011,27440.37,2395.68,27440.37,zone_a
A-17-P,4/1/2011,35066.44,3637.14,35066.44,zone_a
A-17-P,5/1/2011,42388.61,4990.94,42388.61,zone_a
A-17-P,6/1/2011,48356.81,6039.95,48356.81,zone_a
A-17-P,7/1/2011,54244.6,6998.42,54244.6,zone_a
A-17-P,8/1/2011,60402.89,8000.96,60402.89,zone_a
A-17-P,9/1/2011,62405.55,10225.93,62405.55,zone_a
A-17-P,10/1/2011,66830.21,11546.86,66830.21,zone_a
A-17-P,1/1/2012,70738.92,12770.67,70738.92,zone_a
A-17-P,2/1/2012,74397.01,13841.97,74397.01,zone_a
A-17-P,3/1/2012,76667.3,16943.46,76667.3,zone_a
A-17-P,4/1/2012,80564.36,18684.44,80564.36,zone_a
A-17-P,5/1/2012,84535.55,20438.51,84535.55,zone_a
A-17-P,6/1/2012,88412.9,22198.8,88412.9,zone_a
A-17-P,7/1/2012,92788.27,24258.65,92788.27,zone_a
A-17-P,8/1/2012,97197.54,26038.89,97197.54,zone_a
A-17-P,9/1/2012,100923.99,27785.25,100923.99,zone_a
A-17-P,10/1/2012,104691.34,29549.94,104691.34,zone_a
A-17-P,11/1/2012,108058.67,31165.04,108058.67,zone_a
A-17-P,12/1/2012,112248.67,33192.76,112248.67,zone_a
A-17-P,1/1/2013,116423.86,35111.86,116423.86,zone_a
A-17-P,2/1/2013,118912.39,36231.46,118912.39,zone_a
A-17-P,3/1/2013,121614.02,37501.36,121614.02,zone_a
A-17-P,4/1/2013,124287.33,38713.8,124287.33,zone_a
A-17-P,5/1/2013,126600.67,40103.94,126600.67,zone_a
A-17-P,6/1/2013,128952.41,41471.22,128952.41,zone_a
A-17-P,7/1/2013,131326.36,42753.54,131326.36,zone_a
A-17-P,8/1/2013,134165.01,44226.28,134165.01,zone_a
A-17-P,9/1/2013,136754.5,45632.44,136754.5,zone_a
A-17-P,10/1/2013,139299.2,47007.55,139299.2,zone_a
A-17-P,11/1/2013,141992.27,48397.15,141992.27,zone_a
A-17-P,12/1/2013,144450.59,49791.72,144450.59,zone_a
A-17-P,1/1/2014,146829.81,51158.1,146829.81,zone_a
A-17-P,2/1/2014,148736.83,52231.89,148736.83,zone_a
A-17-P,3/1/2014,150400.79,53181.12,150400.79,zone_a
A-17-P,4/1/2014,152362.49,54287.76,152362.49,zone_a
A-17-P,5/1/2014,152702.56,54478.56,152702.56,zone_a
A-17-P,6/1/2014,152702.56,54478.56,152702.56,zone_a
A-17-P,7/1/2014,152702.56,54478.56,152702.56,zone_a
A-17-P,8/1/2014,152702.56,54478.56,152702.56,zone_a
A-17-P,9/1/2014,152702.56,54478.56,152702.56,zone_a
A-17-P,10/1/2014,152702.56,54478.56,152702.56,zone_a
A-17-P,11/1/2014,152702.56,54478.56,152702.56,zone_a
A-17-P,12/1/2014,152702.56,54478.56,152702.56,zone_a
A-17-P,1/1/2015,152702.56,54478.56,152702.56,zone_a
A-17-P,2/1/2015,152702.56,54478.56,152702.56,zone_a
A-17-P,3/1/2015,152702.56,54478.56,152702.56,zone_a
A-17-P,4/1/2015,152702.56,54478.56,152702.56,zone_a
A-17-P,5/1/2015,152702.56,54478.56,152702.56,zone_a
A-17-P,6/1/2015,152702.56,54478.56,152702.56,zone_a
A-17-P,7/1/2015,152702.56,54478.56,152702.56,zone_a
A-17-P,8/1/2015,152702.56,54478.56,152702.56,zone_a
A-17-P,9/1/2015,152702.56,54478.56,152702.56,zone_a
A-17-P,10/1/2015,152702.56,54478.56,152702.56,zone_a
A-17-P,11/1/2015,152702.56,54478.56,152702.56,zone_a
A-17-P,12/1/2015,152702.56,54478.56,152702.56,zone_a
A-18-P,1/1/2019,143.132,73.553,143.132,zone_a
A-18-P,2/1/2019,301.439,156.783,301.439,zone_a
A-18-P,4/1/2019,4790.476,2154.951,4790.476,zone_a
A-18-P,5/1/2019,18247.288,5485.943,18247.288,zone_a
A-18-P,6/1/2019,30412.615,29464.813,30412.615,zone_a
A-18-P,7/1/2019,52892.351,75515.421,52892.351,zone_a
A-19-P,5/1/2012,7674.22,2025.05,7674.22,zone_a
A-19-P,6/1/2012,24126.29,2710.91,24126.29,zone_a
A-19-P,7/1/2012,37897.38,3284.73,37897.38,zone_a
A-19-P,8/1/2012,51555.2,3876.31,51555.2,zone_a
A-19-P,9/1/2012,62065.01,4777.55,62065.01,zone_a
A-19-P,10/1/2012,70888.57,6917.33,70888.57,zone_a
A-19-P,11/1/2012,78789.45,8854.26,78789.45,zone_a
A-19-P,12/1/2012,86203.01,10638.47,86203.01,zone_a
A-19-P,1/1/2013,94380.3,12469.17,94380.3,zone_a
A-19-P,2/1/2013,101160.0,14070.44,101160.0,zone_a
A-19-P,3/1/2013,107107.91,15986.6,107107.91,zone_a
A-19-P,4/1/2013,112866.62,17841.32,112866.62,zone_a
A-19-P,5/1/2013,118607.52,20194.56,118607.52,zone_a
A-19-P,6/1/2013,123234.08,22371.0,123234.08,zone_a
A-19-P,7/1/2013,128203.79,24631.44,128203.79,zone_a
A-19-P,8/1/2013,132877.55,26842.04,132877.55,zone_a
A-19-P,9/1/2013,137568.3,28916.84,137568.3,zone_a
A-19-P,10/1/2013,142691.16,31017.58,142691.16,zone_a
A-19-P,11/1/2013,148052.85,33137.15,148052.85,zone_a
A-19-P,12/1/2013,153494.27,35574.95,153494.27,zone_a
A-19-P,1/1/2014,158165.07,38141.75,158165.07,zone_a
A-19-P,2/1/2014,162248.13,40486.07,162248.13,zone_a
A-19-P,3/1/2014,166877.61,43119.83,166877.61,zone_a
A-19-P,4/1/2014,171553.76,45824.15,171553.76,zone_a
A-19-P,5/1/2014,176961.96,48937.43,176961.96,zone_a
A-19-P,6/1/2014,181959.7,51961.43,181959.7,zone_a
A-19-P,7/1/2014,186288.41,54569.99,186288.41,zone_a
A-19-P,8/1/2014,188532.95,55947.71,188532.95,zone_a
A-19-P,9/1/2014,190740.23,57513.71,190740.23,zone_a
A-19-P,10/1/2014,193348.99,59386.11,193348.99,zone_a
A-19-P,11/1/2014,195930.55,61198.11,195930.55,zone_a
A-19-P,12/1/2014,199816.77,63105.31,199816.77,zone_a
A-19-P,1/1/2015,204776.76,65086.83,204776.76,zone_a
A-19-P,2/1/2015,208405.46,67528.43,208405.46,zone_a
A-19-P,3/1/2015,212570.68,70283.16,212570.68,zone_a
A-19-P,4/1/2015,215895.72,73279.04,215895.72,zone_a
A-19-P,5/1/2015,218921.58,76606.0,218921.58,zone_a
A-19-P,6/1/2015,221646.16,79922.96,221646.16,zone_a
A-19-P,7/1/2015,224359.37,83377.6,224359.37,zone_a
A-19-P,8/1/2015,226962.22,86722.67,226962.22,zone_a
A-19-P,9/1/2015,229458.79,89929.12,229458.79,zone_a
A-19-P,10/1/2015,231518.6,92562.52,231518.6,zone_a
A-19-P,11/1/2015,231518.6,92562.52,231518.6,zone_a
A-19-P,12/1/2015,231518.6,92562.52,231518.6,zone_a
A-20-P,5/1/1993,19977.0,3799.0,19977.0,zone_b
A-20-P,6/1/1993,45777.0,4632.0,45777.0,zone_b
A-20-P,7/1/1993,71251.0,5121.0,71251.0,zone_b
A-20-P,8/1/1993,95317.0,5313.0,95317.0,zone_b
A-20-P,9/1/1993,116967.0,5476.0,116967.0,zone_b
A-20-P,10/1/1993,141261.0,5727.0,141261.0,zone_b
A-20-P,11/1/1993,163232.0,5976.0,163232.0,zone_b
A-20-P,12/1/1993,187739.0,6180.0,187739.0,zone_b
A-20-P,1/1/1994,210920.0,6296.0,210920.0,zone_b
A-20-P,2/1/1994,229349.0,6445.0,229349.0,zone_b
A-20-P,3/1/1994,248224.0,6674.0,248224.0,zone_b
A-20-P,4/1/1994,267794.0,7094.0,267794.0,zone_b
A-20-P,5/1/1994,289013.0,7705.0,289013.0,zone_b
A-20-P,6/1/1994,309621.0,7976.0,309621.0,zone_b
A-20-P,7/1/1994,330840.0,8677.0,330840.0,zone_b
A-20-P,8/1/1994,352821.0,9333.0,352821.0,zone_b
A-20-P,9/1/1994,371800.0,9900.0,371800.0,zone_b
A-20-P,10/1/1994,391093.0,10517.0,391093.0,zone_b
A-20-P,11/1/1994,410907.0,10963.0,410907.0,zone_b
A-20-P,12/1/1994,431208.0,11484.0,431208.0,zone_b
A-20-P,1/1/1995,446422.0,11938.0,446422.0,zone_b
A-20-P,2/1/1995,463298.0,12424.0,463298.0,zone_b
A-20-P,3/1/1995,484366.0,12445.0,484366.0,zone_b
A-20-P,4/1/1995,505442.0,12615.0,505442.0,zone_b
A-20-P,5/1/1995,525430.0,12797.0,525430.0,zone_b
A-20-P,6/1/1995,545040.0,13529.0,545040.0,zone_b
A-20-P,7/1/1995,566172.0,14160.0,566172.0,zone_b
A-20-P,8/1/1995,579740.0,14395.0,579740.0,zone_b
A-20-P,9/1/1995,597419.0,14756.0,597419.0,zone_b
A-20-P,10/1/1995,617365.0,15122.0,617365.0,zone_b
A-20-P,11/1/1995,637892.0,15889.0,637892.0,zone_b
A-20-P,12/1/1995,656344.0,16638.0,656344.0,zone_b
A-20-P,1/1/1996,676969.0,17059.0,676969.0,zone_b
A-20-P,2/1/1996,696175.0,17880.0,696175.0,zone_b
A-20-P,3/1/1996,717057.0,18570.0,717057.0,zone_b
A-20-P,4/1/1996,735134.0,19663.0,735134.0,zone_b
A-20-P,5/1/1996,752754.0,20669.0,752754.0,zone_b
A-20-P,6/1/1996,773221.0,21860.0,773221.0,zone_b
A-20-P,7/1/1996,792649.0,22317.0,792649.0,zone_b
A-20-P,8/1/1996,808478.0,22740.0,808478.0,zone_b
A-20-P,9/1/1996,824770.0,24816.0,824770.0,zone_b
A-20-P,10/1/1996,841326.0,25929.0,841326.0,zone_b
A-20-P,11/1/1996,855080.0,26457.0,855080.0,zone_b
A-20-P,12/1/1996,871534.0,27415.0,871534.0,zone_b
A-20-P,1/1/1997,889086.0,28417.0,889086.0,zone_b
A-20-P,2/1/1997,903554.0,30334.0,903554.0,zone_b
A-20-P,3/1/1997,918079.0,32485.0,918079.0,zone_b
A-20-P,4/1/1997,931584.0,34485.0,931584.0,zone_b
A-20-P,5/1/1997,945717.0,37441.0,945717.0,zone_b
A-20-P,6/1/1997,955294.0,39198.0,955294.0,zone_b
A-20-P,7/1/1997,965282.0,40770.0,965282.0,zone_b
A-20-P,8/1/1997,982287.0,43865.0,982287.0,zone_b
A-20-P,9/1/1997,995692.0,46828.0,995692.0,zone_b
A-20-P,10/1/1997,1009854.0,50570.0,1009854.0,zone_b
A-20-P,11/1/1997,1023876.0,54119.0,1023876.0,zone_b
A-20-P,12/1/1997,1036223.0,56367.0,1036223.0,zone_b
A-20-P,1/1/1998,1051068.0,59007.0,1051068.0,zone_b
A-20-P,2/1/1998,1062330.0,64604.0,1062330.0,zone_b
A-20-P,3/1/1998,1074208.0,67229.0,1074208.0,zone_b
A-20-P,4/1/1998,1083956.0,70392.0,1083956.0,zone_b
A-20-P,5/1/1998,1095915.0,74378.0,1095915.0,zone_b
A-20-P,6/1/1998,1107188.0,78237.0,1107188.0,zone_b
A-20-P,7/1/1998,1114553.0,81304.0,1114553.0,zone_b
A-20-P,8/1/1998,1124277.0,86798.0,1124277.0,zone_b
A-20-P,9/1/1998,1134847.0,91074.0,1134847.0,zone_b
A-20-P,10/1/1998,1146608.0,92785.0,1146608.0,zone_b
A-20-P,11/1/1998,1153715.0,97683.0,1153715.0,zone_b
A-20-P,12/1/1998,1165203.0,100848.0,1165203.0,zone_b
A-20-P,1/1/1999,1174834.0,104593.0,1174834.0,zone_b
A-20-P,2/1/1999,1180982.0,107889.0,1180982.0,zone_b
A-20-P,3/1/1999,1189028.0,110292.0,1189028.0,zone_b
A-20-P,4/1/1999,1199691.0,113477.0,1199691.0,zone_b
A-20-P,5/1/1999,1209393.0,118234.0,1209393.0,zone_b
A-20-P,6/1/1999,1216821.0,121650.0,1216821.0,zone_b
A-20-P,7/1/1999,1223895.0,125087.0,1223895.0,zone_b
A-20-P,8/1/1999,1231102.0,127834.0,1231102.0,zone_b
A-20-P,9/1/1999,1238781.0,130259.0,1238781.0,zone_b
A-20-P,10/1/1999,1246084.0,133389.0,1246084.0,zone_b
A-20-P,11/1/1999,1252972.0,137247.0,1252972.0,zone_b
A-20-P,12/1/1999,1259764.0,140920.0,1259764.0,zone_b
A-20-P,1/1/2000,1265907.0,145136.0,1265907.0,zone_b
A-20-P,2/1/2000,1271545.0,148680.0,1271545.0,zone_b
A-20-P,3/1/2000,1277578.0,151733.0,1277578.0,zone_b
A-20-P,4/1/2000,1283565.0,156895.0,1283565.0,zone_b
A-20-P,5/1/2000,1289120.0,162126.0,1289120.0,zone_b
A-20-P,6/1/2000,1293990.0,166497.0,1293990.0,zone_b
A-20-P,7/1/2000,1300901.0,170805.0,1300901.0,zone_b
A-20-P,8/1/2000,1306147.0,176465.0,1306147.0,zone_b
A-20-P,9/1/2000,1310212.0,180482.0,1310212.0,zone_b
A-20-P,10/1/2000,1314215.0,191250.0,1314215.0,zone_b
A-20-P,11/1/2000,1318852.0,202770.0,1318852.0,zone_b
A-20-P,12/1/2000,1324540.0,216105.0,1324540.0,zone_b
A-20-P,1/1/2001,1330490.0,231713.0,1330490.0,zone_b
A-20-P,2/1/2001,1338471.0,245779.0,1338471.0,zone_b
A-20-P,3/1/2001,1348018.0,263509.0,1348018.0,zone_b
A-20-P,4/1/2001,1356278.0,280822.0,1356278.0,zone_b
A-20-P,5/1/2001,1364546.0,296519.0,1364546.0,zone_b
A-20-P,6/1/2001,1369422.0,305535.0,1369422.0,zone_b
A-20-P,7/1/2001,1369753.0,306147.0,1369753.0,zone_b
A-20-P,8/1/2001,1372637.0,311480.0,1372637.0,zone_b
A-20-P,9/1/2002,1376652.0,318287.0,1376652.0,zone_b
A-20-P,10/1/2002,1383886.0,334928.0,1383886.0,zone_b
A-20-P,11/1/2002,1391206.0,341551.0,1391206.0,zone_b
A-20-P,12/1/2002,1398490.0,347001.0,1398490.0,zone_b
A-20-P,1/1/2003,1405578.0,352261.0,1405578.0,zone_b
A-20-P,2/1/2003,1411869.0,357534.0,1411869.0,zone_b
A-20-P,3/1/2003,1418702.0,362903.0,1418702.0,zone_b
A-20-P,4/1/2003,1425688.0,368437.0,1425688.0,zone_b
A-20-P,5/1/2003,1431502.03,372843.73,1431502.03,zone_b
A-20-P,6/1/2003,1437094.03,377862.73,1437094.03,zone_b
A-20-P,7/1/2003,1442273.95,383354.04,1442273.95,zone_b
A-20-P,8/1/2003,1449987.96,393266.99,1449987.96,zone_b
A-20-P,9/1/2003,1457581.97,403069.68,1457581.97,zone_b
A-20-P,10/1/2003,1466827.97,413836.68,1466827.97,zone_b
A-20-P,11/1/2003,1479019.97,420517.68,1479019.97,zone_b
A-20-P,12/1/2003,1494858.97,428143.68,1494858.97,zone_b
A-20-P,1/1/2004,1503646.97,432317.68,1503646.97,zone_b
A-20-P,2/1/2004,1504366.97,434728.68,1504366.97,zone_b
A-20-P,3/1/2004,1512027.97,451082.68,1512027.97,zone_b
A-20-P,4/1/2004,1518098.97,457792.68,1518098.97,zone_b
A-20-P,5/1/2004,1524158.97,464304.68,1524158.97,zone_b
A-20-P,6/1/2004,1530340.97,470561.68,1530340.97,zone_b
A-20-P,7/1/2004,1536321.97,477172.68,1536321.97,zone_b
A-20-P,8/1/2004,1542462.97,483002.68,1542462.97,zone_b
A-20-P,9/1/2004,1548131.97,488671.68,1548131.97,zone_b
A-20-P,10/1/2004,1555441.97,494750.68,1555441.97,zone_b
A-20-P,11/1/2004,1562372.97,501174.68,1562372.97,zone_b
A-20-P,12/1/2004,1566226.97,507004.68,1566226.97,zone_b
A-20-P,1/1/2005,1570532.97,510266.68,1570532.97,zone_b
A-20-P,2/1/2005,1575655.96,512931.43,1575655.96,zone_b
A-20-P,3/1/2005,1582797.96,516338.43,1582797.96,zone_b
A-20-P,4/1/2005,1585036.96,518253.43,1585036.96,zone_b
A-20-P,5/1/2005,1589171.96,521636.43,1589171.96,zone_b
A-20-P,6/1/2005,1597504.96,524877.43,1597504.96,zone_b
A-20-P,7/1/2005,1604881.96,528285.43,1604881.96,zone_b
A-20-P,8/1/2005,1609181.96,530253.43,1609181.96,zone_b
A-20-P,9/1/2005,1616280.96,534025.43,1616280.96,zone_b
A-20-P,10/1/2005,1624434.7,539065.45,1624434.7,zone_b
A-20-P,11/1/2005,1630156.7,542425.45,1630156.7,zone_b
A-20-P,12/1/2005,1641633.7,543975.45,1641633.7,zone_b
A-20-P,1/1/2006,1649699.7,544802.45,1649699.7,zone_b
A-20-P,2/1/2006,1653357.7,550451.45,1653357.7,zone_b
A-20-P,3/1/2006,1658244.7,551734.45,1658244.7,zone_b
A-20-P,4/1/2006,1660491.7,553687.45,1660491.7,zone_b
A-20-P,5/1/2006,1664359.7,555532.45,1664359.7,zone_b
A-20-P,6/1/2006,1668984.7,557260.45,1668984.7,zone_b
A-20-P,7/1/2006,1673420.7,559055.45,1673420.7,zone_b
A-20-P,8/1/2006,1676056.7,560523.96,1676056.7,zone_b
A-20-P,9/1/2006,1676297.69,560667.95,1676297.69,zone_b
A-20-P,6/1/2007,1677255.69,560823.95,1677255.69,zone_b
A-20-P,8/1/2007,1678872.69,562310.95,1678872.69,zone_b
A-20-P,9/1/2007,1686365.69,567826.95,1686365.69,zone_b
A-20-P,10/1/2007,1695952.48,573385.17,1695952.48,zone_b
A-20-P,11/1/2007,1703353.48,578298.17,1703353.48,zone_b
A-20-P,12/1/2007,1710089.48,583990.17,1710089.48,zone_b
A-20-P,1/1/2008,1716689.51,589456.01,1716689.51,zone_b
A-20-P,2/1/2008,1722655.6,595280.61,1722655.6,zone_b
A-20-P,3/1/2008,1729338.56,601159.6,1729338.56,zone_b
A-20-P,4/1/2008,1733648.56,605202.6,1733648.56,zone_b
A-20-P,5/1/2008,1740919.56,612387.6,1740919.56,zone_b
A-20-P,6/1/2008,1745959.56,617058.6,1745959.56,zone_b
A-20-P,7/1/2008,1753537.64,622636.91,1753537.64,zone_b
A-20-P,8/1/2008,1760248.64,627952.91,1760248.64,zone_b
A-20-P,9/1/2008,1767447.64,632976.91,1767447.64,zone_b
A-20-P,10/1/2008,1775608.64,639259.91,1775608.64,zone_b
A-20-P,11/1/2008,1782792.64,644723.91,1782792.64,zone_b
A-20-P,12/1/2008,1788636.64,648751.91,1788636.64,zone_b
A-20-P,1/1/2009,1795228.33,653889.21,1795228.33,zone_b
A-20-P,2/1/2009,1801136.38,658569.06,1801136.38,zone_b
A-20-P,3/1/2009,1806736.51,663842.97,1806736.51,zone_b
A-20-P,4/1/2009,1813309.51,669112.97,1813309.51,zone_b
A-20-P,5/1/2009,1819259.02,674020.23,1819259.02,zone_b
A-20-P,6/1/2009,1827255.02,678656.23,1827255.02,zone_b
A-20-P,7/1/2009,1835018.28,683314.19,1835018.28,zone_b
A-20-P,8/1/2009,1844438.13,688799.16,1844438.13,zone_b
A-20-P,9/1/2009,1849502.63,692119.59,1849502.63,zone_b
A-20-P,10/1/2009,1859912.23,699001.67,1859912.23,zone_b
A-20-P,11/1/2009,1866504.4,701922.01,1866504.4,zone_b
A-20-P,12/1/2009,1872530.4,707139.01,1872530.4,zone_b
A-20-P,1/1/2010,1877848.4,712028.01,1877848.4,zone_b
A-20-P,2/1/2010,1884314.72,716966.14,1884314.72,zone_b
A-20-P,3/1/2010,1890465.72,721721.14,1890465.72,zone_b
A-20-P,4/1/2010,1908801.72,735108.14,1908801.72,zone_b
A-20-P,5/1/2010,1915801.72,739565.14,1915801.72,zone_b
A-20-P,6/1/2010,1926670.72,744267.79,1926670.72,zone_b
A-20-P,7/1/2010,1937154.72,748675.79,1937154.72,zone_b
A-20-P,8/1/2010,1946624.72,753339.79,1946624.72,zone_b
A-20-P,9/1/2010,1955911.72,759007.79,1955911.72,zone_b
A-20-P,10/1/2010,1967005.72,763922.79,1967005.72,zone_b
A-20-P,11/1/2010,1976524.54,769717.79,1976524.54,zone_b
A-20-P,12/1/2010,1988695.34,777177.31,1988695.34,zone_b
A-20-P,1/1/2011,1999533.14,782113.04,1999533.14,zone_b
A-20-P,2/1/2011,2005800.34,786748.44,2005800.34,zone_b
A-20-P,3/1/2011,2011442.69,791665.23,2011442.69,zone_b
A-20-P,4/1/2011,2018719.96,796210.77,2018719.96,zone_b
A-20-P,5/1/2011,2026944.73,800937.04,2026944.73,zone_b
A-20-P,6/1/2011,2034973.79,805442.45,2034973.79,zone_b
A-20-P,7/1/2011,2047286.59,810708.3,2047286.59,zone_b
A-20-P,8/1/2011,2057946.09,815861.17,2057946.09,zone_b
A-20-P,9/1/2011,2066183.13,820497.37,2066183.13,zone_b
A-20-P,10/1/2011,2071955.57,824974.4,2071955.57,zone_b
A-20-P,11/1/2011,2077857.45,829082.63,2077857.45,zone_b
A-20-P,12/1/2011,2086578.24,833242.93,2086578.24,zone_b
A-20-P,1/1/2012,2094189.94,837528.8,2094189.94,zone_b
A-20-P,2/1/2012,2101027.24,841998.75,2101027.24,zone_b
A-20-P,3/1/2012,2108355.25,847014.77,2108355.25,zone_b
A-20-P,4/1/2012,2114342.09,851727.78,2114342.09,zone_b
A-20-P,5/1/2012,2119999.06,856676.49,2119999.06,zone_b
A-20-P,6/1/2012,2124793.68,861700.16,2124793.68,zone_b
A-20-P,7/1/2012,2129982.45,867257.77,2129982.45,zone_b
A-20-P,8/1/2012,2134750.24,872076.23,2134750.24,zone_b
A-20-P,9/1/2012,2140073.75,874927.12,2140073.75,zone_b
A-20-P,10/1/2012,2145892.58,876601.59,2145892.58,zone_b
A-20-P,11/1/2012,2153048.86,878336.72,2153048.86,zone_b
A-20-P,12/1/2012,2158154.57,879987.54,2158154.57,zone_b
A-20-P,1/1/2013,2166649.29,881057.33,2166649.29,zone_b
A-20-P,2/1/2013,2172260.85,882288.34,2172260.85,zone_b
A-20-P,3/1/2013,2178020.53,883631.31,2178020.53,zone_b
A-20-P,4/1/2013,2186655.53,885302.22,2186655.53,zone_b
A-20-P,5/1/2013,2194013.26,887078.07,2194013.26,zone_b
A-20-P,6/1/2013,2199003.34,888573.07,2199003.34,zone_b
A-20-P,7/1/2013,2205800.69,890421.63,2205800.69,zone_b
A-20-P,8/1/2013,2210756.92,892010.83,2210756.92,zone_b
A-20-P,9/1/2013,2216164.3,893548.68,2216164.3,zone_b
A-20-P,10/1/2013,2222025.75,895234.14,2222025.75,zone_b
A-20-P,11/1/2013,2228371.35,897030.41,2228371.35,zone_b
A-20-P,12/1/2013,2235120.0,898338.6,2235120.0,zone_b
A-20-P,1/1/2014,2242972.23,901128.38,2242972.23,zone_b
A-20-P,2/1/2014,2252486.66,905094.14,2252486.66,zone_b
A-20-P,3/1/2014,2260213.84,906516.09,2260213.84,zone_b
A-20-P,4/1/2014,2265433.75,908106.63,2265433.75,zone_b
A-20-P,5/1/2014,2271099.4,909629.67,2271099.4,zone_b
A-20-P,6/1/2014,2276398.72,911126.85,2276398.72,zone_b
A-20-P,7/1/2014,2281816.39,912639.07,2281816.39,zone_b
A-20-P,8/1/2014,2290075.91,914779.41,2290075.91,zone_b
A-20-P,9/1/2014,2293491.28,925975.5,2293491.28,zone_b
A-20-P,10/1/2014,2293695.87,926290.19,2293695.87,zone_b
A-20-P,11/1/2014,2293695.87,926290.19,2293695.87,zone_b
A-20-P,12/1/2014,2293695.87,926290.19,2293695.87,zone_b
A-20-P,1/1/2015,2293695.87,926290.19,2293695.87,zone_b
A-20-P,2/1/2015,2293695.87,926290.19,2293695.87,zone_b
A-20-P,3/1/2015,2293695.87,926290.19,2293695.87,zone_b
A-20-P,4/1/2015,2293695.87,926290.19,2293695.87,zone_b
A-20-P,5/1/2015,2293695.87,926290.19,2293695.87,zone_b
A-20-P,6/1/2015,2293695.87,926290.19,2293695.87,zone_b
A-20-P,7/1/2015,2293695.87,926290.19,2293695.87,zone_b
A-20-P,8/1/2015,2293695.87,926290.19,2293695.87,zone_b
A-20-P,9/1/2015,2293695.87,926290.19,2293695.87,zone_b
A-20-P,10/1/2015,2293695.87,926290.19,2293695.87,zone_b
A-20-P,11/1/2015,2293695.87,926290.19,2293695.87,zone_b
A-20-P,12/1/2015,2293695.87,926290.19,2293695.87,zone_b
A-21-P,7/1/1992,13523.0,120.0,13523.0,zone_a
A-21-P,8/1/1992,26964.0,164.0,26964.0,zone_a
A-21-P,9/1/1992,45708.0,193.0,45708.0,zone_a
A-21-P,10/1/1992,64695.0,223.0,64695.0,zone_a
A-21-P,11/1/1992,82671.0,263.0,82671.0,zone_a
A-21-P,12/1/1992,99242.0,711.0,99242.0,zone_a
A-21-P,1/1/1993,115123.0,3381.0,115123.0,zone_a
A-21-P,2/1/1993,128281.0,6751.0,128281.0,zone_a
A-21-P,3/1/1993,142174.0,11327.0,142174.0,zone_a
A-21-P,4/1/1993,155125.0,15960.0,155125.0,zone_a
A-21-P,5/1/1993,157553.0,17001.0,157553.0,zone_a
A-21-P,6/1/1993,171565.0,22440.0,171565.0,zone_a
A-21-P,7/1/1993,183968.0,27280.0,183968.0,zone_a
A-21-P,8/1/1993,196676.0,31891.0,196676.0,zone_a
A-21-P,9/1/1993,201537.0,33345.0,201537.0,zone_a
A-21-P,10/1/1993,213628.0,36355.0,213628.0,zone_a
A-21-P,11/1/1993,224213.0,39883.0,224213.0,zone_a
A-21-P,12/1/1993,236704.0,44047.0,236704.0,zone_a
A-21-P,1/1/1994,248858.0,48098.0,248858.0,zone_a
A-21-P,2/1/1994,260126.0,51854.0,260126.0,zone_a
A-21-P,3/1/1994,272828.0,56088.0,272828.0,zone_a
A-21-P,4/1/1994,284907.0,60114.0,284907.0,zone_a
A-21-P,5/1/1994,296101.0,64911.0,296101.0,zone_a
A-21-P,6/1/1994,305303.0,70551.0,305303.0,zone_a
A-21-P,7/1/1994,314824.0,76386.0,314824.0,zone_a
A-21-P,8/1/1994,326504.0,83854.0,326504.0,zone_a
A-21-P,9/1/1994,337707.0,91017.0,337707.0,zone_a
A-21-P,10/1/1994,346413.0,95705.0,346413.0,zone_a
A-21-P,11/1/1994,357867.0,101873.0,357867.0,zone_a
A-21-P,12/1/1994,372412.0,109705.0,372412.0,zone_a
A-21-P,1/1/1995,385956.0,116998.0,385956.0,zone_a
A-21-P,2/1/1995,398976.0,124322.0,398976.0,zone_a
A-21-P,3/1/1995,411661.0,132779.0,411661.0,zone_a
A-21-P,4/1/1995,422962.0,140313.0,422962.0,zone_a
A-21-P,5/1/1995,434774.0,148188.0,434774.0,zone_a
A-21-P,6/1/1995,446309.0,155563.0,446309.0,zone_a
A-21-P,7/1/1995,458117.0,162800.0,458117.0,zone_a
A-21-P,8/1/1995,467284.0,168418.0,467284.0,zone_a
A-21-P,2/1/1996,470056.0,169026.0,470056.0,zone_a
A-21-P,3/1/1996,488167.0,173002.0,488167.0,zone_a
A-21-P,4/1/1996,504441.0,176574.0,504441.0,zone_a
A-21-P,5/1/1996,518943.0,183120.0,518943.0,zone_a
A-21-P,6/1/1996,534185.0,192072.0,534185.0,zone_a
A-21-P,7/1/1996,549638.0,201952.0,549638.0,zone_a
A-21-P,8/1/1996,564478.0,211440.0,564478.0,zone_a
A-21-P,9/1/1996,577149.0,219541.0,577149.0,zone_a
A-21-P,10/1/1996,590529.0,228461.0,590529.0,zone_a
A-21-P,11/1/1996,603786.0,238462.0,603786.0,zone_a
A-21-P,12/1/1996,616928.0,249215.0,616928.0,zone_a
A-21-P,1/1/1997,629575.0,259563.0,629575.0,zone_a
A-21-P,2/1/1997,640513.0,268157.0,640513.0,zone_a
A-21-P,3/1/1997,651656.0,276912.0,651656.0,zone_a
A-21-P,4/1/1997,664393.0,286920.0,664393.0,zone_a
A-21-P,5/1/1997,677474.0,297198.0,677474.0,zone_a
A-21-P,6/1/1997,689809.0,306890.0,689809.0,zone_a
A-21-P,7/1/1997,698584.0,313785.0,698584.0,zone_a
A-21-P,8/1/1997,706201.0,319770.0,706201.0,zone_a
A-21-P,9/1/1997,714771.0,326504.0,714771.0,zone_a
A-21-P,10/1/1997,723434.0,333592.0,723434.0,zone_a
A-21-P,11/1/1997,731635.0,340302.0,731635.0,zone_a
A-21-P,12/1/1997,739552.0,346780.0,739552.0,zone_a
A-21-P,1/1/1998,747247.0,353076.0,747247.0,zone_a
A-21-P,2/1/1998,753771.0,358414.0,753771.0,zone_a
A-21-P,3/1/1998,759711.0,363274.0,759711.0,zone_a
A-21-P,4/1/1998,766200.0,368583.0,766200.0,zone_a
A-21-P,5/1/1998,772471.0,373714.0,772471.0,zone_a
A-21-P,6/1/1998,778717.0,378824.0,778717.0,zone_a
A-21-P,7/1/1998,784269.0,383367.0,784269.0,zone_a
A-21-P,8/1/1998,789538.0,387678.0,789538.0,zone_a
A-21-P,9/1/1998,793601.0,391002.0,793601.0,zone_a
A-21-P,3/1/2005,793928.0,391545.0,793928.0,zone_a
A-21-P,9/1/2011,804815.52,391968.08,804815.52,zone_a
A-21-P,10/1/2011,812527.97,392028.59,812527.97,zone_a
A-21-P,11/1/2011,816186.15,392048.32,816186.15,zone_a
A-21-P,12/1/2011,819655.53,392081.07,819655.53,zone_a
A-21-P,1/1/2012,823964.71,392126.94,823964.71,zone_a
A-21-P,2/1/2012,827940.31,392491.49,827940.31,zone_a
A-21-P,3/1/2012,832005.12,393181.41,832005.12,zone_a
A-21-P,4/1/2012,835630.57,393796.64,835630.57,zone_a
A-21-P,5/1/2012,839049.43,394370.27,839049.43,zone_a
A-21-P,6/1/2012,842289.85,394929.08,842289.85,zone_a
A-21-P,7/1/2012,846592.88,395698.59,846592.88,zone_a
A-21-P,8/1/2012,850673.91,396422.88,850673.91,zone_a
A-21-P,9/1/2012,853055.27,396846.8,853055.27,zone_a
A-21-P,4/1/2013,854246.86,397225.38,854246.86,zone_a
A-21-P,5/1/2013,856768.74,398030.19,856768.74,zone_a
A-21-P,6/1/2013,859663.67,398925.18,859663.67,zone_a
A-21-P,7/1/2013,862942.53,399870.38,862942.53,zone_a
A-21-P,8/1/2013,865563.28,400598.45,865563.28,zone_a
A-21-P,9/1/2013,868510.93,401448.74,868510.93,zone_a
A-21-P,10/1/2013,871008.86,402171.61,871008.86,zone_a
A-21-P,11/1/2013,872833.98,402647.37,872833.98,zone_a
A-21-P,12/1/2013,874874.12,403261.93,874874.12,zone_a
A-21-P,1/1/2014,876724.35,403826.35,876724.35,zone_a
A-21-P,2/1/2014,878031.85,404217.31,878031.85,zone_a
A-21-P,3/1/2014,878248.46,404358.1,878248.46,zone_a
A-21-P,4/1/2014,879936.32,404864.56,879936.32,zone_a
A-21-P,5/1/2014,880216.97,404948.05,880216.97,zone_a
A-21-P,6/1/2014,880216.97,404948.05,880216.97,zone_a
A-21-P,7/1/2014,880216.97,404948.05,880216.97,zone_a
A-21-P,8/1/2014,880216.97,404948.05,880216.97,zone_a
A-21-P,9/1/2014,880216.97,404948.05,880216.97,zone_a
A-21-P,10/1/2014,880216.97,404948.05,880216.97,zone_a
A-21-P,11/1/2014,880216.97,404948.05,880216.97,zone_a
A-21-P,12/1/2014,880216.97,404948.05,880216.97,zone_a
A-21-P,1/1/2015,880216.97,404948.05,880216.97,zone_a
A-21-P,2/1/2015,880216.97,404948.05,880216.97,zone_a
A-21-P,3/1/2015,880216.97,404948.05,880216.97,zone_a
A-21-P,4/1/2015,880216.97,404948.05,880216.97,zone_a
A-21-P,5/1/2015,880216.97,404948.05,880216.97,zone_a
A-21-P,6/1/2015,880216.97,404948.05,880216.97,zone_a
A-21-P,7/1/2015,880216.97,404948.05,880216.97,zone_a
A-21-P,8/1/2015,880216.97,404948.05,880216.97,zone_a
A-21-P,9/1/2015,880216.97,404948.05,880216.97,zone_a
A-21-P,10/1/2015,880216.97,404948.05,880216.97,zone_a
A-21-P,11/1/2015,880216.97,404948.05,880216.97,zone_a
A-21-P,12/1/2015,880216.97,404948.05,880216.97,zone_a
B-1-P,3/1/1998,8699.0,14193.0,8699.0,zone_c
B-1-P,4/1/1998,14168.0,24394.0,14168.0,zone_c
B-1-P,5/1/1998,20844.0,31922.0,20844.0,zone_c
B-1-P,6/1/1998,29326.0,51341.0,29326.0,zone_c
B-1-P,7/1/1998,33694.0,61341.0,33694.0,zone_c
B-1-P,8/1/1998,40472.0,88117.0,40472.0,zone_c
B-1-P,9/1/1998,42386.0,95678.0,42386.0,zone_c
B-1-P,11/1/2001,43043.09091,97104.54545,43043.09091,zone_c
B-1-P,12/1/2001,45564.09091,101976.5455,45564.09091,zone_c
B-1-P,1/1/2002,49161.09091,107067.5455,49161.09091,zone_c
B-1-P,2/1/2002,53371.09091,111683.5455,53371.09091,zone_c
B-1-P,3/1/2002,57825.09091,116191.5455,57825.09091,zone_c
B-1-P,4/1/2002,63279.09091,121959.5455,63279.09091,zone_c
B-1-P,5/1/2002,68962.09091,128265.5455,68962.09091,zone_c
B-1-P,6/1/2002,74019.09091,134178.5455,74019.09091,zone_c
B-1-P,7/1/2002,79104.09091,140864.5455,79104.09091,zone_c
B-1-P,8/1/2002,84659.09091,149025.5455,84659.09091,zone_c
B-1-P,9/1/2002,89628.09091,156732.5455,89628.09091,zone_c
B-1-P,10/1/2002,94713.09091,164652.5455,94713.09091,zone_c
B-1-P,11/1/2002,99546.09091,173024.5455,99546.09091,zone_c
B-1-P,12/1/2002,102357.0909,181781.5455,102357.0909,zone_c
B-1-P,1/1/2003,105407.0909,194954.5455,105407.0909,zone_c
B-1-P,2/1/2003,108328.0909,204788.5455,108328.0909,zone_c
B-1-P,3/1/2003,111570.0909,216019.5455,111570.0909,zone_c
B-1-P,4/1/2003,114619.0909,224607.5455,114619.0909,zone_c
B-1-P,5/1/2003,117455.0909,232595.5455,117455.0909,zone_c
B-1-P,6/1/2003,120506.0909,241651.5455,120506.0909,zone_c
B-1-P,7/1/2003,124040.0909,252781.5455,124040.0909,zone_c
B-1-P,8/1/2003,127353.0909,263272.5455,127353.0909,zone_c
B-1-P,9/1/2003,130627.0909,274358.5455,130627.0909,zone_c
B-1-P,10/1/2003,134069.0909,284414.5455,134069.0909,zone_c
B-1-P,11/1/2003,137314.0909,294978.5455,137314.0909,zone_c
B-1-P,12/1/2003,140196.0909,305755.5455,140196.0909,zone_c
B-1-P,1/1/2004,142559.0909,316376.5455,142559.0909,zone_c
B-1-P,2/1/2004,144239.6509,316514.8655,144239.6509,zone_c
B-2-P,8/1/1995,2036.51724,584.51724,2036.51724,no_zone
B-2-P,9/1/1995,6934.51724,4495.51724,6934.51724,no_zone
B-2-P,10/1/1995,13606.51724,8962.51724,13606.51724,no_zone
B-2-P,11/1/1995,19330.51724,12762.51724,19330.51724,no_zone
B-3-P,2/1/2012,5954.62,1208.63,5954.62,no_zone
B-3-P,3/1/2012,13998.45,1771.97,13998.45,no_zone
B-3-P,5/1/2012,21111.4,2239.9,21111.4,no_zone
B-3-P,6/1/2012,26215.44,2585.02,26215.44,no_zone
B-3-P,7/1/2012,31124.23,2929.24,31124.23,no_zone
B-3-P,8/1/2012,35344.81,3222.95,35344.81,no_zone
B-3-P,9/1/2012,42307.78,3708.94,42307.78,no_zone
B-3-P,10/1/2012,47602.06,4078.27,47602.06,no_zone
B-3-P,11/1/2012,52172.42,4404.73,52172.42,no_zone
B-3-P,12/1/2012,57317.9,4775.59,57317.9,no_zone
B-3-P,1/1/2013,61601.46,5067.69,61601.46,no_zone
B-3-P,2/1/2013,65502.99,5328.93,65502.99,no_zone
B-3-P,3/1/2013,69778.09,5628.09,69778.09,no_zone
B-3-P,4/1/2013,74282.19,5932.39,74282.19,no_zone
B-3-P,5/1/2013,78154.64,6196.33,78154.64,no_zone
B-3-P,6/1/2013,82012.1,6450.83,82012.1,no_zone
B-3-P,7/1/2013,85833.13,6684.58,85833.13,no_zone
B-3-P,8/1/2013,89800.76,6917.44,89800.76,no_zone
B-3-P,9/1/2013,91938.28,8022.63,91938.28,no_zone
B-3-P,10/1/2013,95756.91,8256.29,95756.91,no_zone
B-3-P,11/1/2013,99295.8,8463.47,99295.8,no_zone
B-3-P,12/1/2013,100486.78,8539.58,100486.78,no_zone
B-3-P,2/1/2014,104373.11,8925.69,104373.11,no_zone
B-3-P,3/1/2014,109310.33,9080.82,109310.33,no_zone
B-3-P,4/1/2014,114221.58,9233.25,114221.58,no_zone
B-3-P,5/1/2014,119322.32,9390.09,119322.32,no_zone
B-3-P,6/1/2014,124391.53,9539.37,124391.53,no_zone
B-3-P,7/1/2014,129613.48,9694.41,129613.48,no_zone
B-3-P,8/1/2014,134944.42,9845.98,134944.42,no_zone
B-3-P,9/1/2014,139988.11,9986.36,139988.11,no_zone
B-3-P,10/1/2014,145239.13,10153.06,145239.13,no_zone
B-3-P,11/1/2014,148702.5,10317.58,148702.5,no_zone
B-3-P,12/1/2014,152516.54,10501.44,152516.54,no_zone
B-3-P,1/1/2015,155803.36,10660.48,155803.36,no_zone
B-3-P,2/1/2015,158904.46,10809.48,158904.46,no_zone
B-3-P,3/1/2015,161833.12,10948.63,161833.12,no_zone
B-3-P,4/1/2015,164633.69,11086.24,164633.69,no_zone
B-3-P,5/1/2015,167651.29,11224.93,167651.29,no_zone
B-3-P,6/1/2015,170607.64,11365.63,170607.64,no_zone
B-3-P,7/1/2015,173673.98,11511.18,173673.98,no_zone
B-3-P,8/1/2015,176616.44,11652.23,176616.44,no_zone
B-3-P,9/1/2015,179310.43,11785.83,179310.43,no_zone
B-3-P,10/1/2015,181979.1,11923.78,181979.1,no_zone
B-3-P,11/1/2015,184582.54,12057.28,184582.54,no_zone
B-3-P,12/1/2015,187195.99,12191.03,187195.99,no_zone
B-3-P,1/1/2016,189586.62,12307.48,189586.62,no_zone
B-3-P,2/1/2016,191878.76,12419.13,191878.76,no_zone
B-3-P,3/1/2016,194407.33,12538.48,194407.33,no_zone
B-3-P,4/1/2016,196746.19,12653.98,196746.19,no_zone
B-3-P,5/1/2016,199141.85,12773.33,199141.85,no_zone
B-3-P,6/1/2016,201499.08,12888.83,201499.08,no_zone
B-3-P,7/1/2016,203950.25,13008.18,203950.25,no_zone
B-3-P,8/1/2016,205074.4,13044.63,205074.4,no_zone
